n;clé;image_id;seed;statut;raison;prompt
1;s1/data-centers;e93b096c-4839-433a-b7b0-5d1fd6d2457e;aléatoire;rejetée;la comparaison « like a crown jewel » a produit une couronne, la puce a disparu;Risograph print editorial illustration, linocut style: a tiny computer chip placed like a crown jewel on top of a big pile of dark mining ore, with two small mine carts and pickaxes at the foot of the pile. [style bleu]
2;s2/campagne;be5dbba7-31d1-4792-aa5b-f72fc0a52956;aléatoire;rejetée;silhouette de profil et non de dos, bulles presque absentes, les boîtes ne lisent pas comme des machines qui recopient;Risograph print editorial illustration, linocut style: a politician silhouette seen from behind at a podium microphone, a giant megaphone next to him connected by cables to a swarm of small identical boxy machines each holding an empty speech bubble. [style rouge]
3;s3/bonjour-dominique;1563c753-ffd9-4478-aec9-1f3897e43e69;aléatoire;retenue;lisible, doux-amer, aplat sarcelle en fond;Risograph print editorial illustration, linocut style: a hospital room at night seen from the side, an empty bed under a window with a crescent moon, and a small boxy household robot with two round glowing eyes sitting on a chair beside the bed like a visitor. Bittersweet mood. [style sarcelle]
4;roles/decideur;7e8b2223-28db-4cad-ac34-6f152783aa4c;aléatoire;retenue;pictogramme net, sert de gabarit à la série des rôles;Risograph print pictogram, linocut style: a single black silhouette seen from behind standing at a political lectern with a microphone, both arms raised. Isolated figure centered on an empty plain background, full body visible, wide empty margins. [style noir pictogramme]
5;s1/couverture;164564dd-2186-42da-a725-db259a91d54a;aléatoire;rejetée;bleu trop foncé tombé en noir après bichromie, cadre noir autour;Risograph print editorial illustration, linocut style: an empty political lectern with a microphone standing on bare dirt, and behind it an unfinished construction site: two tall construction cranes and a few tall server cabinets on empty ground. The cranes and server cabinets are printed in blue. [style bleu]
6;s1/data-centers;f944e48f-57d6-40c4-b45e-c8b70b1b3030;aléatoire;retenue;puce à pattes lisible au sommet du tas, wagonnets en spot;Risograph print editorial illustration, linocut style: a small square computer microchip with metal pins sitting alone on the summit of a big heap of black rocks and raw ore, two tiny mine carts and two pickaxes at the bottom of the heap. The microchip is printed in blue. [style bleu]
7;s1/consommation;cffb8484-fb90-4d06-9fa7-bb072045b453;aléatoire;retenue;serveurs qui pompent le lac, sol craquelé, pylône ; la paille est devenue un tuyau mais le sens passe;Risograph print editorial illustration, linocut style: a big boxy windowless data center building drinking a small lake through a long bendy drinking straw, the lake almost empty with cracked mud around it, and a thick power cable plugged into an electric pylon. The water is printed in blue. [style bleu]
8;s1/vertueux;27dddb4f-3c27-48c5-9388-a253c3053145;aléatoire;retenue;roue à aubes, serveurs, maisons sur roues : tout le brief est là;Risograph print editorial illustration, linocut style: a waterfall turning a big wooden water wheel connected by thick cables to a stack of server cabinets on a cliff; in the valley below, three small houses on wheels being towed away along a road. The waterfall is printed in blue. [style bleu]
9;s1/competitif;2217028a-4d6a-4bf5-b5e9-044ae0f1b533;aléatoire;rejetée;fusée séparée du serveur, flammes horizontales, la forêt ne brûle pas;Risograph print editorial illustration, linocut style: a tall black server cabinet with rocket fins blasting off into the sky, its exhaust flames setting fire to a small pine forest below, paper banknotes flying out around it. The flames are printed in blue. [style bleu]
10;s1/pour-qui;49851605-ab5a-4a96-881a-b40d23f5af2b;aléatoire;retenue;le flux tombe dans la mallette : satire lisible en vignette;Risograph print editorial illustration, linocut style: a giant water tap at the top pouring a thick stream of glowing energy, and below it three containers waiting in a row: a simple bucket, a business briefcase, and a small toy school house with an open roof. The stream is printed in blue. [style bleu]
11;s1/couverture;b7d1475f-e45a-42e3-9940-0518b8b76026;aléatoire;rejetée;bandes noires latérales, bureau au lieu d'un pupitre;Risograph print editorial illustration, linocut style: an empty political lectern with a microphone standing on bare dirt in the foreground, and behind it an unfinished construction site: two construction cranes and a few half-built server cabinets on empty ground. The server cabinets are printed in bright light blue, the lectern and cranes in black. [style bleu clair, no frame, no border]
12;s1/data-centers;549b4835-270f-4f55-8772-845ec093990c;aléatoire;rejetée;la puce ressemble à un panneau sur pieds;Risograph print editorial illustration, linocut style: a flat thin square computer microchip with short metal legs on all four sides, resting on the summit of a big heap of black rocks and raw ore, two tiny mine carts and two pickaxes at the bottom of the heap. The microchip is printed in bright light blue. [style bleu clair, no frame]
13;s1/consommation;35dd275b-80f9-477c-a31f-4b943a91d616;aléatoire;rejetée;le data center est devenu une maison, paille incohérente;Risograph print editorial illustration, linocut style: a giant bendy drinking straw going from the roof of a windowless black data center building down into a lake that has shrunk to a small puddle in the middle of a large dry cracked lake bed, a small rowing boat stranded on the dry mud. The remaining water is printed in bright light blue. [style bleu clair, no frame]
14;s1/competitif;cba58637-a2d5-4db9-b89d-65113a7b4d81;aléatoire;retenue;fusée à façade de serveur qui brûle la forêt, lisible en vignette (billets minuscules);Risograph print editorial illustration, linocut style: a tall black server cabinet with rocket fins and a pointed nose cone flying straight upward, a big flame coming out of its bottom and setting fire to a row of pine trees on the ground below, paper banknotes falling from it. The flames are printed in bright light blue. [style bleu clair, no frame]
15;s1/couverture;e6b9ab1d-6972-47b6-9d5b-8142cb624cdf;aléatoire;retenue;pupitre central, grues et serveurs en spot, fond papier propre;Risograph print editorial illustration, linocut style: a tall narrow speaker's podium with a microphone standing alone on bare dirt in the foreground; behind it, an unfinished construction site with two construction cranes and a row of half-built server cabinets. The server cabinets are printed in bright light blue, the podium and cranes in black. The whole background is plain off-white paper. [style bleu clair, no frame, no black border]
16;s2/couverture;10ad7d9c-0d1c-4b49-a4eb-19a7689bc135;aléatoire;retenue;deux armées de pions, serveurs et urne : wargame lisible;Risograph print editorial illustration, linocut style: two opposing armies of wooden board game pawns facing off on a desk, among a few small server towers and one plain ballot box with a slot. One army of pawns is printed in bright light red, the other in black. [style rouge clair, no frame]
17;s2/campagne;aeab21c1-6c56-4cb6-b623-ee4ef17dc27d;aléatoire;rejetée;pseudo-lettre « P » sur le mégaphone;Risograph print editorial illustration, linocut style: the back of a man in a suit standing at a microphone on a small stage, a giant megaphone beside him pointing at the audience, and in front of the stage a crowd of small identical boxy robots all holding up identical empty speech bubbles. The speech bubbles are printed in bright light red. [style rouge clair, no frame]
18;s2/temps-des-choix;aa3074dc-f74c-432a-a8f8-87ce6568e667;aléatoire;rejetée;les flux montent vers des boules au lieu d'aller vers les trois destinations, gratte-ciel et livre fusionnés;Risograph print editorial illustration, linocut style: a transparent glass ballot box in the center, with three streams of small dots leaking out of it and flowing away in three directions: toward a small house with a star on its roof, toward a distant skyscraper, and toward a big open book. The streams of dots are printed in bright light red. [style rouge clair, no frame]
19;s2/menace-etrangere;3abee14a-eb4d-45b5-925f-04f73fcc8f4a;aléatoire;rejetée;carte réduite à un rectangle vide, masques incrustés dans la ville;Risograph print editorial illustration, linocut style: a paper map lying flat, crossed by a border line drawn as printed circuit board traces; beyond the border, a dark factory city bristling with radio antennas; above the city float three blank featureless white masks. The border line is printed in bright light red. [style rouge clair, no frame]
20;s2/negocier-gafam;99ff6bbc-fd02-4ff9-aabf-527cb9247e1b;aléatoire;retenue;main géante en costume, petit homme, moissonneuse dans un champ de profils : tout y est;Risograph print editorial illustration, linocut style: a tiny man in a suit shaking hands with an enormous hand in a suit cuff that comes down from the top of the image; below them, a combine harvester mowing a field where every wheat stalk ends in a small round user profile icon. The field of profile icons is printed in bright light red. [style rouge clair, no frame]
21;s2/riposte;8ee70617-8f08-472b-8c1e-2e16a34d8dc8;aléatoire;rejetée;l'éclair frappe sans revenir, fenêtres toujours allumées, composition chargée;Risograph print editorial illustration, linocut style: a zigzag lightning bolt curving back through the sky like a returning boomerang toward a classical government building with columns, whose windows are going dark one by one. The lightning bolt is printed in bright light red. [style rouge clair, no frame, no flags]
22;s2/campagne;aaafbc3a-3d52-438b-9acd-9393a2c721a7;aléatoire;retenue;homme de dos au mégaphone, foule de robots, bulles rouges vides : très lisible;Risograph print editorial illustration, linocut style: the back of a man in a suit standing at a microphone on a small stage, a giant plain megaphone beside him with no markings, and in front of the stage a crowd of small identical boxy robots all holding up identical empty speech bubbles. The speech bubbles are printed in bright light red. [style rouge clair, no frame, no logos, no symbols]
23;s2/temps-des-choix;b073cb0e-7d18-4483-b1b8-309304f812ce;aléatoire;rejetée;tout en rouge (pas d'encre noire), boules façon pommes dans l'urne;Risograph print editorial illustration, linocut style: a transparent glass ballot box in the center; three dotted lines of small dots come out of its slot and curve away, each ending at a small object: on the left a little house with a star on its roof, at the top a skyscraper, on the right an open book. The dotted lines are printed in bright light red. [style rouge clair, no frame]
24;s2/menace-etrangere;c4b74b35-8564-4f16-b598-4b8a0b781dc5;aléatoire;rejetée;cadre noir, la frontière devient un cadre, masques expressifs;Risograph print editorial illustration, linocut style: a thick border line drawn as printed circuit board traces running across open ground; on the far side of the border, a dark factory city bristling with radio antennas; high above the city float three blank oval masks with no eyes, no nose and no mouth. The circuit border line is printed in bright light red. [style rouge clair, no frame]
25;s2/riposte;41d0eb19-4006-4389-98e3-ea8f8b89309d;aléatoire;rejetée;le bâtiment ressemble au Capitole (bâtiment réel reconnaissable);Risograph print editorial illustration, linocut style: a big boomerang made of a zigzag lightning bolt flying back toward the classical government building with columns that threw it; half of the building's windows have gone completely dark. The boomerang lightning is printed in bright light red. [style rouge clair, no frame, no flags]
26;s2/temps-des-choix;67e9ddc9-1a1b-4af1-9215-07dd64cf98b0;aléatoire;retenue;urne noire, trois traînées rouges vers maison, tour, livre;Risograph print editorial illustration, linocut style: a black outlined glass ballot box on a table in the center, filled with small ballots; three dotted trails of small red dots escape from its slot and curve away to three black objects: on the left a little house with a star on its roof, at the top a skyscraper, on the right an open book. Only the dotted trails are printed in bright light red, everything else in black. [style rouge clair, no frame]
27;s2/menace-etrangere;d00b00fd-1005-42f6-bced-a8361d34bf96;aléatoire;rejetée;composition déséquilibrée dans le coin supérieur gauche, grand vide;Risograph print editorial illustration, linocut style: a winding border line made of printed circuit board traces cuts diagonally across empty land; on the far side of the border stands a dark factory city bristling with radio antennas; three plain white theater masks with only two eye holes float in the sky above the city. The circuit border line is printed in bright light red. The whole background is plain off-white paper. [style rouge clair, no frame, no black border]
28;s2/riposte;3db35fe1-c2ba-4981-af3c-dca9cea76569;aléatoire;retenue;bâtiment générique frappé par l'éclair, net ; le demi-tour n'est pas rendu;Risograph print editorial illustration, linocut style: a plain generic official building with a flat roof and columns, no dome; a curved lightning bolt leaves from its roof, makes a U-turn in the sky and comes back down to strike the same building; half of the building's windows have gone completely dark. The lightning bolt is printed in bright light red. [style rouge clair, no frame, no flags]
29;s2/menace-etrangere;bcb79e0a-42e3-43d2-b900-b38dc21e7165;aléatoire;retenue;mur-circuit rouge, ville-usine, trois masques qui épient : métaphore forte;Risograph print editorial illustration, linocut style: a long low wall made of a printed circuit board runs across the middle of the image; behind the wall rises a dark factory city bristling with radio antennas; three blank white masks with only two eye holes peek over the top of the wall. The circuit board wall is printed in bright light red. The whole background is plain off-white paper. [style rouge clair, no frame, no black border]
30;s3/couverture;3495812a-9e5a-402d-b713-6d043bc08e5b;aléatoire;rejetée;ni cloche ni socle, tout en sarcelle sans encre noire, verre au lieu d'une chope;Risograph print editorial illustration, linocut style: a brain drawn as a printed circuit board, displayed on a pedestal under a glass museum dome, with two cables coming out of the dome: one plugged into a painter's palette, the other into a beer mug. The brain is printed in bright light teal. [style sarcelle clair, no frame, no glow, no neon]
31;s3/ceci-n-est-pas-une-biere;044e080b-ff56-4ec8-9803-1215e029c501;aléatoire;retenue;cadre, bière, curseur-main et brasseurs à fourches, aucun texte malgré le pastiche;Risograph print editorial illustration, surrealist pastiche in linocut style: a glass of beer floating inside an ornate empty picture frame hanging on a plain wall, a giant computer mouse cursor arrow pointing at the beer; below the frame, three small black silhouettes of brewers raising pitchforks in protest. The beer is printed in bright light teal. [style sarcelle clair, no caption, no words]
32;s3/regarder-nos-souvenirs;99c017c3-4a6d-4ce7-93a9-408d670aec6f;aléatoire;rejetée;visages dessinés dans les photos malgré « no faces », photos aspirées dans le mauvais sens;Risograph print editorial illustration, linocut style: a big mechanical eye shown in cross-section with camera lens rings inside, sucking in a long line of small square family snapshots that fly away from it toward a stylized cloud. The cloud is printed in bright light teal. [style sarcelle clair, no frame, no faces in the photos]
33;s3/dedommager-brasseurs;8cdd77ef-cbbe-4f16-96c0-faed3830705a;aléatoire;rejetée;dossiers rangés dans le guichet, pas d'avalanche : trop sage;Risograph print editorial illustration, linocut style: a small old-fashioned administrative service window with a counter, almost buried under an avalanche of paper folders and hundreds of beer bottle caps pouring down onto it. The bottle caps are printed in bright light teal. [style sarcelle clair, no frame]
34;s3/accueillir-neooculus;7904629a-7717-4380-8b48-409a76121779;aléatoire;retenue;foule noire au point lumineux, doubles sarcelle au-dessus : fort en vignette;Risograph print editorial illustration, linocut style: a crowd of black silhouettes seen from behind, each head marked with one small bright dot; floating above the crowd are their own doubles, distorted and stretched ghost-like silhouettes. The floating doubles are printed in bright light teal. [style sarcelle clair, no frame, no faces]
35;s3/couverture;e34e9569-7ad6-4e30-8665-fb15ce868cc0;aléatoire;rejetée;palette remplacée par une fiche, petit glyphe « 0 » près du cerveau;Risograph print editorial illustration, linocut style: a tall black glass bell jar on a black museum pedestal, and inside the bell jar a brain made of printed circuit board traces; two black cables come out from under the bell jar, one plugged into a painter's palette on the left, the other plugged into a beer mug on the right. Only the brain is printed in bright light teal, the bell jar, pedestal, cables, palette and mug in black ink. [style sarcelle clair, no frame, no glow, no neon]
36;s3/regarder-nos-souvenirs;209bb75e-b615-4264-b669-90d96afd8272;aléatoire;retenue;l'œil-caméra envoie les photos vers le nuage ; le chien est une lecture littérale du prompt;Risograph print editorial illustration, linocut style: on the left, a big black mechanical eye in cross-section with camera lens rings; a long line of small square snapshots of landscapes, a house, a tree and a dog streams out of the eye and is sucked up toward a stylized cloud on the right. The cloud is printed in bright light teal. [style sarcelle clair, no frame, no people, no faces]
37;s3/dedommager-brasseurs;8a29a18a-8cb8-4651-a762-c7f5708cd91f;aléatoire;retenue;guichet englouti sous papiers et capsules, lisible;Risograph print editorial illustration, linocut style: a small black administrative service counter with a closed window, completely buried under a huge avalanche of paper folders and beer bottle caps that pours down on it like a landslide, only the top of the window still visible. The bottle caps are printed in bright light teal. [style sarcelle clair, no frame]
38;s3/couverture;bcfa6a75-4906-4e29-96d7-64acfd0ebb91;aléatoire;retenue;cloche, cerveau, pinceaux et chope en symétrie ; couleurs parasites remappées par la bichromie;Risograph print editorial illustration, linocut style: a museum display: a brain made of circuit board traces sitting under a glass bell jar on a black pedestal, flanked by two objects on the same pedestal: a painter's wooden palette with brushes on the left and a foamy beer mug on the right, each connected to the bell jar by a black cable. Only the brain is printed in bright light teal. Bold flat shapes, thick black linocut lines, [...] centered symmetrical composition [...] no numbers [style sarcelle clair, no frame, no glow, no neon]
39;roles/citoyen;13879f29-d00a-4a51-b5be-40d5c2650bbc;aléatoire;retenue;pyramide de cinq bustes, la pousse remplace la tête du sommet : trouvaille lisible;Risograph print pictogram, linocut style: six simple pictogram figures with round heads and solid black bodies grouped in a pyramid shape: three at the bottom, two in the middle, one at the top; a small plant sprout with two leaves grows on the ground in front of them. [style pictogramme noir, no facial features]
40;roles/data;66df8cc0-aa40-4384-80bf-b09da57e1215;aléatoire;rejetée;les piles de disques ressemblent à des piles de pièces (lecture « argent »);Risograph print pictogram, linocut style: a single simple pictogram figure with a round head and a solid black body standing between tall stacks of flat round data disks, the stacks linked to each other by thin wires. [style pictogramme noir, no facial features]
41;roles/lobbyiste;97b59f05-402f-4ab4-9c06-1d781dd7ea80;aléatoire;rejetée;les mains ne se touchent pas, personnages assis;Risograph print pictogram, linocut style: two simple pictogram figures with round heads and solid black bodies seen in profile, shaking hands above a small table between them, one empty speech bubble floating above their hands. [style pictogramme noir, no facial features]
42;roles/syndicat;dd7f1f7b-5b55-40dd-bbf4-5b7e5036b0d3;aléatoire;retenue;trois figures, poing levé au centre, cohérent avec la série;Risograph print pictogram, linocut style: three simple pictogram figures with round heads and solid black bodies standing side by side in a line, the middle one raising a clenched fist high above its head. [style pictogramme noir, no facial features]
43;roles/data;4bf1ee8a-b93e-409c-a960-99f0d8828050;aléatoire;retenue;icônes de bases de données reliées à la figure : lecture immédiate;Risograph print pictogram, linocut style: a single simple pictogram figure with a round head and a solid black body standing between four database icons, each database icon a tall cylinder made of three stacked discs, the cylinders linked to each other and to the figure by thin cables. [style pictogramme noir, no facial features, no coins]
44;roles/lobbyiste;5a432e86-ab45-42cc-9de5-bba0b3b119c6;aléatoire;retenue;poignée de main au-dessus de la table, bulle vide;Risograph print pictogram, linocut style: two simple standing pictogram figures with round heads and solid black bodies facing each other in profile, their hands clasped together in a firm handshake above a small low table between them, one empty speech bubble floating above the handshake. [style pictogramme noir, no facial features]
45;accueil/hero;d0c5de8c-7271-4aa5-88e4-168e219c07b2;aléatoire;rejetée;bonne vue de dessus mais rendu vectoriel lisse sans grain, une carte face visible, cadrage à fond perdu;Risograph print editorial illustration, linocut style: top-down view of a classroom table: an open laptop in the center, next to it a sheet of paper with five columns of round game tokens, a few face-down playing cards scattered around, and five pairs of hands and forearms reaching in from the edges of the table. Seen strictly from above, no heads visible. [style noir seul, nothing on the laptop screen, no numbers, no logos]
46;accueil/hero;7f08ba7c-eb44-4bac-a075-6994ce0535d1;aléatoire;rejetée;perspective trois-quarts au lieu d'une vue de dessus;Risograph print editorial illustration, linocut style: bird's-eye view of a wooden table during a board game: an open laptop at the center with a blank screen, a large sheet with five vertical columns of round tokens beside it, several playing cards lying face down, and four pairs of hands and sleeves coming from the four sides of the table, one hand moving a token. Seen strictly from above, no heads, no faces. [style noir seul, no numbers, no logos]
47;accueil/regles;65181df8-a8a6-4c59-917e-f9e50ae4b645;aléatoire;retenue;jauge de cercles, gros pion, doigt qui pousse ; le pion est au sommet et la flèche pointe vers le bas;Risograph print editorial illustration, linocut style: a vertical scale of seven empty circles stacked in a column like a gauge, one big solid black round game token sitting on one of the circles, and a hand with one finger pushing the token up by one notch to the next circle, a small arrow showing the movement. Isolated scene centered on an empty plain background, wide empty margins. [style noir seul, no numbers]
48;accueil/hero;9e0ca610-bb97-4928-8eb0-cddc112d445a;aléatoire;retenue;la plus soignée : grain, table bois, cartes retournées, cinq mains ; la feuille n'a qu'une colonne de pions, pseudo-lettres du clavier absorbées par l'aplat noir;Risograph print editorial illustration, rough linocut carving: flat top-down view looking straight down at a wooden classroom table: an open laptop with a blank screen in the center, beside it a paper sheet ruled into five columns with round tokens in each column, playing cards lying face down with a patterned back, and five pairs of hands with sleeves reaching in from all edges of the table, one hand moving a token. Only hands and forearms, no heads, no faces. [style noir seul, heavy visible grain, wood texture carved lines, no numbers, no card symbols, no logos]
49;accueil/hero;e9cc7bbd-cf48-46b0-88ef-b4367e7ace8d;aléatoire;rejetée;cartes face visible avec lettres et figures;Risograph print editorial illustration, linocut style with heavy grain: seen from directly above, a classroom table with an open laptop in the middle, a score sheet with five columns of round black tokens next to it, a small pile of face-down playing cards, and four pairs of forearms and hands resting on the table edges, one hand sliding a token up a column. Only hands, no heads, no faces. [style noir seul, carved linocut texture, no numbers, no card symbols, no logos]
50;accueil/regles;bdbbb60f-55ad-4ea0-8373-e4b93e292cf1;aléatoire;rejetée;cercles éparpillés, plus de jauge lisible;Risograph print editorial illustration, linocut style: a vertical column of seven empty outlined circles like a thermometer gauge; one big solid black round token sits on the third circle from the bottom, and a hand below it pushes the token upward with one finger toward the fourth circle. [style noir seul, no arrows, no numbers]
51;accueil/regles;74a4ca06-3aec-4519-8917-9cd7711a8e7f;aléatoire;rejetée;grille de six cercles au lieu d'une colonne : le format 16:9 écrase la jauge verticale;Risograph print editorial illustration, linocut style: a single vertical row of six small empty outlined circles, evenly spaced from bottom to top; one big solid black round token placed in the middle of the row, covering the third circle; a hand coming from the right side presses its index finger against the bottom of the token to nudge it up one step. [style noir seul, no arrows, no numbers]
52;accueil/hero;acd26f94-a507-47cf-b66e-d4b9cfcfae5e;aléatoire;rejetée;rendu photoréaliste (prompt trop long et trop détaillé);Risograph print editorial illustration, rough linocut carving: flat top-down view looking straight down at a wooden classroom table: an open laptop with a blank screen and blank keys in the center; on the left, a large paper game board ruled into a grid of five vertical columns, each column holding a few round black tokens at different heights; on the right, a few playing cards lying face down with a patterned back; five pairs of hands with dark sleeves reaching in from all edges of the table, one hand moving a token up a column. [style noir seul, heavy grain, no card symbols]
53;accueil/hero;418baaa7-ec8a-4284-ac8e-646a81325f79;aléatoire;rejetée;cinq jauges parfaites mais cartes face visible (piques, pseudo-lettres dans les coins) ; alternative gardée en brut (hero--v6.jpg);Risograph print editorial illustration, rough linocut carving: top-down view of a classroom table during a role-playing game: an open laptop with a blank screen in the center, below it a wide paper score sheet with five vertical columns of round tokens like five bar gauges, face-down playing cards scattered around, and hands with dark sleeves around the table from five players, one hand pushing a token in a column. [style noir seul, no card symbols, no keyboard letters]
54;accueil/hero;7dddd0a6-e109-4c81-8bd2-e7811cf2507b;aléatoire;rejetée;les cartes et la feuille fusionnent en cinq rectangles noirs, trois mains seulement;Risograph print editorial illustration, linocut style: top-down view of a classroom table: an open laptop with a blank screen at the top center, below it a paper sheet with five vertical columns of round tokens, and five plain solid black rectangles as face-down playing cards scattered on the table; five pairs of hands with dark sleeves reach in from the edges, one hand pushing a token up a column. [style noir seul, no card faces, not a photo]
55;s3/regarder-nos-souvenirs;c6686cb5-0686-4617-8dfc-ea8efaff2d84;aléatoire;retenue;v2 orchestrateur : plus de chien (« no animals », sujets des photos : montagnes, maison, arbre) ; l'œil ressemble un peu à un projecteur;Risograph print editorial illustration, linocut style: on the left, a big black mechanical eye in cross-section with camera lens rings, mounted on a small stand; a long ribbon of small square snapshots showing mountains, a house and a tree streams out of the eye toward a big stylized cloud on the right. The cloud is printed in bright light teal. [style sarcelle clair, no frame, no people, no animals]
56;s3/dedommager-brasseurs;de3dde5f-321d-4346-9a5d-1ae6ba578857;aléatoire;retenue;v2 orchestrateur : « solid flat medium teal disc » au lieu de « bright light teal » : la sarcelle survit à la bichromie;Risograph print editorial illustration, linocut style: a small black administrative service counter with a closed window, completely buried under a huge avalanche of paper folders and big round beer bottle caps that pours down on it like a landslide, only the top of the window still visible. Every bottle cap is a solid flat medium teal disc with a black outline. [style sarcelle, no frame]
57;s1/prologue;f62ffd5c-3776-4ff8-9643-a35c48e042e1;aléatoire;retenue;v1 : bâtisseur au plan roulé, tour de serveurs rêvée en spot;Risograph print editorial illustration, linocut style: a tiny politician in a suit standing alone in a vast empty field, holding a rolled-up blueprint under his arm, and above him in the sky a huge dotted outline of a tall server tower building that does not exist yet, like a dream plan. The dotted outline is printed in bright light blue. [style bleu clair, no frame]
58;s1/partenaires-sud;571a14b4-7478-4cbf-a919-a0f3b3012757;aléatoire;rejetée;v1 : bandes noires, chiffre « 1 » sur le podium;Risograph print editorial illustration, linocut style: a first-place winner podium with a big shiny trophy cup on top, the whole podium carried on the shoulders of a row of tiny miners with helmets and headlamps who bend under its weight, small pickaxes at their feet. The trophy cup is printed in bright light blue. [style bleu clair, no frame]
59;s1/partenaires-locaux;fcd11171-62c8-4a5e-8100-62e0316c6995;aléatoire;rejetée;v1 : pseudo-logo sur la pelleteuse;Risograph print editorial illustration, linocut style: a big mining excavator digging a deep pit right in the middle of a small village square, a few villagers walking away from their houses carrying suitcases, a chair and a lamp, and a tall stack of coins toppling over beside the pit. The excavator is printed in bright light blue. [style bleu clair, no frame]
60;s1/location;cb8ce9c6-b108-4cf9-9755-a84450d6843c;aléatoire;retenue;v1 : fauteuil, long câble, main géante qui tient la prise;Risograph print editorial illustration, linocut style: on the left a tiny man in a suit sitting in an armchair using a laptop, its very long power cable crosses a strip of sea and ends on the far right in a giant hand that holds the plug between two fingers, ready to pull it out. The power cable is printed in bright light blue. [style bleu clair, no frame]
61;s1/import-assemblage;338734d3-148c-412a-b1cf-bffa352f9c6c;aléatoire;rejetée;v1 : bandes noires sur les côtés;Risograph print editorial illustration, linocut style: a small workbench where two workers in aprons carefully assemble a computer chip with tweezers, a wooden crate of raw rocks and ore beside them, and far away in the background across the sea a dark mountain mine with a plume of smoke. The computer chip is printed in bright light blue. [style bleu clair, no frame]
62;s1/data-centers-fin;edc999f3-7993-4f16-a998-02d29d5077bd;aléatoire;rejetée;v1 : bandes noires, cratères peu lisibles;Risograph print editorial illustration, linocut style: a cheerful businessman in a suit taking giant strides across a landscape with a small server cabinet under his arm, and each of his giant footprints behind him has left a deep crater in the ground, with a broken tree and a small cracked house along his trail. The craters are printed in bright light blue. [style bleu clair, no frame]
63;s1/consommation-intro-2;dc15f40a-0fe7-40ab-b2b5-b74ce439c7c0;aléatoire;retenue;v1 : pièces dans l'entonnoir, tuyau sous la mer vers le data center fumant;Risograph print editorial illustration, linocut style: a small man turning his wallet upside down, coins pouring into a big funnel, and the funnel feeds two long pipes that cross a strip of sea to a distant data center building on the right which releases big clouds of steam. The coins are printed in bright light blue. [style bleu clair, no frame]
64;s1/booster;213f4cd4-5ab9-441f-9884-c730c9a84e2d;aléatoire;retenue;v1 : bocal de pièces qui arrose hôpital et école (pas de croix, mais lisible);Risograph print editorial illustration, linocut style: a big glass jar full of coins in the center, with two pipes coming out of it that pour streams of coins onto the roofs of a small hospital building and a small school building with a bell tower. The coins are printed in bright light blue. [style bleu clair, no frame]
65;s1/booster-2;5f02a457-4608-4183-a20e-195831076d71;aléatoire;retenue;v1 : seau vide sur sol craquelé, serveur branché, chaises vides (le puits est devenu un seau);Risograph print editorial illustration, linocut style: a dried-up village well with an empty wooden bucket on cracked dry ground, and right behind it a tall server cabinet with dozens of thick power cables plugged into it, a row of empty office chairs waiting beside it. The server lights and the power cables are printed in bright light blue. [style bleu clair, fond papier jusqu’aux bords, no frame]
66;s1/autre-projet;551d17c4-495f-4fc7-88b6-8c0fc1d41f2c;aléatoire;rejetée;v1 : arbre ordinaire, le serveur-tronc a disparu;Risograph print editorial illustration, linocut style: a tall server cabinet planted in the ground like a tree trunk, with wide branches full of leaves spreading from its top, and small citizens sitting together on park benches in its shade, a child reading a book. The leaves are printed in bright light blue. [style bleu clair, fond papier jusqu’aux bords, no frame]
67;s1/autre-projet-2;cbf7f3f3-e77b-45ed-87c6-5eab56e886fe;aléatoire;rejetée;v1 : wagonnets sur un pont, sans mer ni ville;Risograph print editorial illustration, linocut style: a long bridge crossing the sea from a big foreign data center on an island on the right to a small town on the left, a line of little carts rolling along the bridge, each cart loaded with glowing parcels, toward a school, a hospital and a small town hall. The glowing parcels are printed in bright light blue. [style bleu clair, fond papier jusqu’aux bords, no frame]
68;s1/autre-projet-3;73de4aa3-e67b-42f6-9768-57613d6563be;aléatoire;retenue;v1 : robot guetteur sur la tour, fumée en spot, camion de pompiers;Risograph print editorial illustration, linocut style: a friendly small boxy robot standing on top of a wooden fire lookout tower above a pine forest, pointing with one arm at a tiny wisp of smoke rising far away above the trees, and a small red fire truck already driving toward it on a road. The wisp of smoke is printed in bright light blue. [style bleu clair, fond papier jusqu’aux bords, no frame]
69;s1/grand-public;7abddd3b-4e8a-4792-82d9-acdb1154c91f;aléatoire;retenue;v1 : foule aux smartphones autour du serveur-bougie qui fond;Risograph print editorial illustration, linocut style: a huge crowd of tiny people each holding up a glowing smartphone, and all the phones are connected by thin wires to one giant server tower in the back that is melting like a candle, dripping and steaming. The phone screens are printed in bright light blue. [style bleu clair, fond papier jusqu’aux bords, no frame]
70;s1/entreprises;cbebe071-5ad2-46ed-a644-9e01c50649b1;aléatoire;rejetée;v1 : filet noir autour de l'image, le témoin-serveur n'est pas lisible;Risograph print editorial illustration, linocut style: a relay race on a running track, businessmen in suits sprinting in their lanes, one runner passing to the next a small glowing server cabinet like a relay baton, a finish line ribbon ahead. The small server batons are printed in bright light blue. [style bleu clair, fond papier jusqu’aux bords, no frame]
71;s1/entreprises-2;528976ce-b47a-40e1-a12a-a5282ab4ae31;aléatoire;retenue;v1 : cordon de velours, portier, citoyens en colère, toile abandonnée;Risograph print editorial illustration, linocut style: a velvet rope barrier on two brass posts in front of a closed data center door guarded by a doorman in a suit, a crowd of angry citizens behind the rope raising their fists, and in the foreground an abandoned painter's easel with a blank canvas and brushes dropped on the ground. The velvet rope is printed in bright light blue. [style bleu clair, fond papier jusqu’aux bords, no frame]
72;s1/services-publics;7ed57353-4d68-49b1-825d-2f476d9b480c;aléatoire;retenue;v1 : chat sur le portable débranché, câble vers la mairie;Risograph print editorial illustration, linocut style: a grumpy cat sitting on a closed unplugged laptop on the left, while the laptop's long power cable now runs to a small public town hall building with columns on the right, where small citizens line up at the open door. The power cable is printed in bright light blue. [style bleu clair, fond papier jusqu’aux bords, no frame]
73;s1/partenaires-sud;546d6f9f-ac60-446b-bcc0-2cc399e7b4b7;aléatoire;retenue;v2 : podium porté par les mineurs, trophée en spot, plus de chiffre;Risograph print editorial illustration, linocut style: a plain block podium with a big shiny trophy cup on top, the whole podium lifted on the shoulders of a row of tiny exhausted miners with helmets and headlamps, their knees bent under the weight. The trophy cup is printed in bright light blue. [style bleu clair, fond papier jusqu’aux bords, no frame], no numbers
74;s1/partenaires-locaux;dedfc512-ca8b-4ce2-8051-028a8f8a3184;aléatoire;retenue;v2 : « no logos » : pelleteuse nette, villageois qui partent;Risograph print editorial illustration, linocut style: a big plain unmarked mining excavator digging a deep pit right in the middle of a small village square, a few villagers walking away from their houses carrying suitcases, a chair and a lamp, and a tall stack of coins toppling over beside the pit. The excavator is printed in bright light blue. [style bleu clair, fond papier jusqu’aux bords, no frame], no logos
75;s1/import-assemblage;abbe99a4-8530-42c9-9d75-8c5924e79fc8;aléatoire;retenue;v2 : plus de bandes, la vignette reste un rectangle avec la mer en spot;Risograph print editorial illustration, linocut style: (même sujet que v1) [style bleu clair, fond papier jusqu’aux bords, no frame]
76;s1/data-centers-fin;0d81557a-91b5-4bbe-b282-a12fcaeb1b0a;aléatoire;retenue;v2 : traces de pas creusées, arbre abattu, maison;Risograph print editorial illustration, linocut style: a cheerful businessman in a suit taking giant strides across a green landscape with a small server cabinet under his arm, and behind him a trail of huge deep footprint-shaped holes dug into the ground, a fallen tree and a small cracked house along the trail. The footprint holes are printed in bright light blue. [style bleu clair, fond papier jusqu’aux bords, no frame]
77;s1/booster;8f8b5e09-dd7c-4505-9314-efb2fd75deb1;aléatoire;rejetée;v2 : bandes noires (la croix de l'hôpital est bien là);Risograph print editorial illustration, linocut style: a big glass jar full of coins in the center, with two pipes coming out of it that pour streams of coins onto the roofs of a small hospital building with a big plus-shaped cross on its roof and a small school building with a bell tower and children at the door. The coins are printed in bright light blue. [style bleu clair, fond papier jusqu’aux bords, no frame]
78;s1/autre-projet;8ad9632a-93e8-410a-b2c8-f1118ec7de2d;aléatoire;retenue;v2 : serveur au pied de l'arbre, bancs, lecteurs;Risograph print editorial illustration, linocut style: a black server cabinet standing on the grass in a town park, with leafy tree branches growing out of its top like a big tree crown, and small citizens sitting on park benches in its shade, a child reading a book, an old man feeding pigeons. The leaves are printed in bright light blue. [style bleu clair, fond papier jusqu’aux bords, no frame]
79;s1/autre-projet-2;dd2af0bd-40b7-4ecb-99f3-32ea7a84372c;aléatoire;retenue;v2 : pont au-dessus de la mer, wagonnets, île aux tours;Risograph print editorial illustration, linocut style: on the right a big data center building standing on a small island in the sea, on the left a small town with a school and a hospital, and a long arched bridge between them over the waves, with little carts full of glowing boxes rolling across the bridge toward the town. The sea waves are printed in bright light blue. [style bleu clair, fond papier jusqu’aux bords, no frame]
80;s1/entreprises;fdd72b9f-83f7-43ae-8745-30950bfb8f83;aléatoire;rejetée;v2 : bandes noires;Risograph print editorial illustration, linocut style: businessmen in suits sprinting on a running track in a relay race, one runner handing a small glowing server box to the next runner, a globe-shaped finish line trophy ahead. The small server box and the running track lines are printed in bright light blue. [style bleu clair, fond papier jusqu’aux bords, no frame], no outline around the picture
81;s2/verite-alternative;d4039577-70be-4d63-8406-b1230c7a4f48;aléatoire;rejetée;v1 : bandes noires, un nuage au lieu de bulles;Risograph print editorial illustration, linocut style: small boxy robots turning the crank of a big machine that blows out a huge cloud of soap bubbles over a small city, the bubbles float over the rooftops and a crowd of tiny people in the streets all look up at them with open mouths. The soap bubbles are printed in bright light red. [style rouge clair, fond papier jusqu’aux bords, no frame]
82;s2/reguler-ia;bf746496-770f-47e9-8a25-9ea33b9c9068;aléatoire;rejetée;v1 : cadre noir, le robot tient lui aussi un carton;Risograph print editorial illustration, linocut style: a football referee in a striped shirt with a whistle holding up a plain blank card toward a boxy robot on a football pitch, the robot freezing with its arms up. The blank card is printed in bright light red. [style rouge clair, fond papier jusqu’aux bords, no frame], no numbers
83;s2/limiter-ia;74f05c8b-523f-4f9a-aec7-7b9484c12049;aléatoire;rejetée;v1 : le politicien a disparu, robot noyé dans la cage;Risograph print editorial illustration, linocut style: an old-fashioned politician with a bowler hat and a moustache locking a small boxy robot inside a big round bird cage with a heavy padlock, a quill pen tucked behind his ear. The bird cage is printed in bright light red. [style rouge clair, fond papier jusqu’aux bords, no frame]
84;s2/campagne-fin;5ef8e2ec-73b8-4490-b196-e8bcf274db48;aléatoire;retenue;v1 : candidat qui se ronge les ongles sous une pluie d'enveloppes;Risograph print editorial illustration, linocut style: a nervous candidate in a suit sitting alone on a chair in the center, biting his nails, while dozens of sealed envelopes rain down from the sky all around him. The envelopes are printed in bright light red. [style rouge clair, fond papier jusqu’aux bords, no frame], no stamps
85;s2/reseau-social-europeen;850de5a8-9732-4542-b28a-f7bcd57a9e63;aléatoire;rejetée;v1 : bandes noires;Risograph print editorial illustration, linocut style: a cozy walled garden with an open gate, a journalist with a big magnifying glass standing at the gate inspecting each speech bubble that floats in, and inside the garden small people relaxing on benches and chatting calmly. The speech bubbles are printed in bright light red. [style rouge clair, fond papier jusqu’aux bords, no frame]
86;s2/negocier-gafam-2;67559a6c-82e7-4af4-bc5e-427dafc29c9f;aléatoire;rejetée;v1 : bandes noires, le bureau est posé et non flottant;Risograph print editorial illustration, linocut style: a tiny official in a suit standing on an office desk floating like a raft in a stormy sea made of jagged spiky speech bubbles, while several boxy robots in the waves pump out more and more spiky bubbles. The spiky speech bubbles are printed in bright light red. [style rouge clair, fond papier jusqu’aux bords, no frame]
87;s2/donnees-ouvertes;8f27596a-167a-4740-a34e-7e66aecdbb00;aléatoire;retenue;v1 : fontaine de cubes, file de citoyens et d'investisseurs;Risograph print editorial illustration, linocut style: a public drinking fountain in a town square spouting a stream of small glowing cubes, a queue of small citizens and a few investors in suits with briefcases waiting their turn to fill their buckets with cubes. The glowing cubes are printed in bright light red. [style rouge clair, fond papier jusqu’aux bords, no frame]
88;s2/voie-democratique;255992a2-0e3d-47b7-bf91-57e3f9163ad4;aléatoire;rejetée;v1 : pas de ville-usine, la cheminée est collée au ministère;Risograph print editorial illustration, linocut style: on the left a small new classical ministry building with columns, on the right far away a grey factory city with chimneys, and in the middle a giant pair of scissors cutting the long thick cable that connected them. The cable is printed in bright light red. [style rouge clair, fond papier jusqu’aux bords, no frame], no flags
89;s2/riposte-2;46482571-e3cc-4e8a-b2fb-bed3f63e8ab3;aléatoire;retenue;v1 : bornes éteintes reliées à une caisse frappée d'une usine, fonctionnaire perplexe;Risograph print editorial illustration, linocut style: a row of public service kiosks and computer terminals all dead with dark blank screens and small sparks, their cables leading back to a big wooden crate stamped with a factory silhouette, and a small official in a suit scratching his head in front of them. The sparks are printed in bright light red. [style rouge clair, fond papier jusqu’aux bords, no frame]
90;s2/diplomatie;2ddea149-afd3-4ada-93d6-6a55d4b3f6a2;aléatoire;retenue;v1 : diplomate et tasses vides, robot messager au gros cadeau;Risograph print editorial illustration, linocut style: a very long negotiation table, a lone diplomat in a suit waiting on one side next to a tall pile of empty coffee cups, and on the far side a boxy messenger robot arriving through a door carrying a big gift box tied with a ribbon. The ribbon is printed in bright light red. [style rouge clair, fond papier jusqu’aux bords, no frame]
91;s2/diplomatie-2;1af6cdbd-97e9-4bdd-bf44-c87a81806027;aléatoire;rejetée;v1 : arbre ordinaire, la poignée de main n'est pas rendue;Risograph print editorial illustration, linocut style: a small tree whose trunk is two hands shaking each other, its branches bearing many round ripe fruits, a few workers with ladders and baskets picking the fruits, and a thick power cable plugged into the roots of the tree. The round fruits are printed in bright light red. [style rouge clair, fond papier jusqu’aux bords, no frame]
92;s1/entreprises;ba5ae193-15bb-45b3-b91b-80b21151f8a7;aléatoire;rejetée;v3 : filet noir, relais illisible, le globe est porté par un coureur;Risograph print editorial illustration, linocut style: businessmen in suits sprinting in a relay race, one runner handing a small glowing server box to the next runner, a big globe ahead of them as the finish. The small server box is printed in bright light blue. Isolated figures on an empty plain off-white background. [« small vignette floating in the middle of a blank off-white page », « the paper runs to all four edges », style bleu clair, no frame]
93;s2/verite-alternative;3f43de88-bdb6-4282-b482-aca570ab9da3;aléatoire;rejetée;v2 : bandes noires (sujet juste);Risograph print editorial illustration, linocut style: two small boxy robots turning the crank of a big bubble-blowing machine, a huge swarm of soap bubbles floating up over a few rooftops, and a crowd of tiny people below all looking up at the bubbles, amazed. The soap bubbles are printed in bright light red. [« small vignette floating in the middle of a blank off-white page », « the paper runs to all four edges », style rouge clair, no frame]
94;s2/reguler-ia;136ff88f-c821-4b26-81b5-8d73518de086;aléatoire;retenue;v2 : arbitre au carton rouge, robot penaud;Risograph print editorial illustration, linocut style: a football referee in a striped shirt blowing his whistle and raising a plain red card high in his right hand, standing in front of a boxy robot player who looks down ashamed, a football at their feet. Only the referee's card is printed in bright light red. [« small vignette floating in the middle of a blank off-white page », « the paper runs to all four edges », style rouge clair, no numbers]
95;s2/limiter-ia;f8de64e9-3fc6-44f8-b1d5-20c015774ca1;aléatoire;retenue;v2 : politicien au cadenas, robot dans la cage;Risograph print editorial illustration, linocut style: on the left an old-fashioned politician standing, wearing a bowler hat and a moustache, turning a big key in a padlock, and on the right a tall bird cage with a small boxy robot sitting sadly inside it. The bird cage is printed in bright light red. [« small vignette floating in the middle of a blank off-white page », « the paper runs to all four edges », style rouge clair, no frame]
96;s2/reseau-social-europeen;f7f931b3-594a-4856-94df-c3fe71399995;aléatoire;rejetée;v2 : bandes noires;Risograph print editorial illustration, linocut style: a low garden wall with an open gate, a journalist with a big magnifying glass standing at the gate inspecting a speech bubble floating in, and behind the wall small people relaxing on benches under trees, chatting calmly. The speech bubbles are printed in bright light red. [« small vignette floating in the middle of a blank off-white page », « the paper runs to all four edges », style rouge clair, no frame]
97;s2/negocier-gafam-2;dec05dbc-d4cc-4c31-a78b-2ca23b1338bd;aléatoire;rejetée;v2 : bandes noires;Risograph print editorial illustration, linocut style: a tiny official in a suit standing on top of an office desk that floats like a raft on stormy waves, all around him a sea of jagged spiky speech bubbles, and boxy robots swimming in the waves blowing out more spiky bubbles. The spiky speech bubbles are printed in bright light red. [« small vignette floating in the middle of a blank off-white page », « the paper runs to all four edges », style rouge clair, no frame]
98;s2/voie-democratique;7535817f-682c-4c2b-92d2-129c04c7e2dd;aléatoire;rejetée;v2 : filet noir autour de l'image;Risograph print editorial illustration, linocut style: at the far left a small classical ministry building with columns, at the far right a grey factory city with chimneys, a long thick cable stretched horizontally between them across the whole image, and in the middle a giant pair of scissors snipping the cable in two. The long cable is printed in bright light red. [style rouge clair, « the paper runs to all four edges », no flags]
99;s2/diplomatie-2;024e5e56-d552-4c4d-8d05-bdb3f4ad0e8c;aléatoire;retenue;v2 : tronc en avant-bras, poignée de main, cueilleurs sur échelles;Risograph print editorial illustration, linocut style: a fruit tree whose trunk is made of two big forearms whose hands are clasped in a handshake at the base of the crown, the branches bearing round ripe fruits, workers on ladders picking the fruits into baskets. The round fruits are printed in bright light red. [style rouge clair, « the paper runs to all four edges », no frame]
100;s1/entreprises;24f097e7-2279-4e10-90b9-3ed8188d984f;aléatoire;retenue;v4 : hommes d'affaires qui gravissent le globe, serveur fumant sur le dos;Risograph print editorial illustration, linocut style: a few small businessmen in suits climbing a staircase that spirals up around a big globe, the last one carrying a small server cabinet on his back, a single thin wisp of smoke rising from the server. The globe is printed in bright light blue. [style bleu clair, v3b]
101;s2/verite-alternative;987e0f9d-0c6b-46aa-9739-a8431342803f;aléatoire;retenue;v3 : sans « vignette sur une page » : plus de bandes;Risograph print editorial illustration, linocut style: (même sujet que v2) [style rouge clair, v3b]
102;s2/reseau-social-europeen;eea5857b-649d-4c50-97db-c967e69e2d80;aléatoire;retenue;v3 : mur de briques, journaliste à la loupe, bulles en spot;Risograph print editorial illustration, linocut style: (même sujet que v2, low brick garden wall) [style rouge clair, v3b]
103;s2/negocier-gafam-2;54882ad6-06da-439d-9a73-c70fa7728c7e;aléatoire;retenue;v3 : bureau-radeau, bulles hérissées, robots dans les vagues;Risograph print editorial illustration, linocut style: (même sujet que v2) [style rouge clair, v3b]
104;s2/voie-democratique;1b700f14-8f2e-4d66-8853-f6d7b563a87a;aléatoire;retenue (recadrée);v3 : cadre noir uniforme de 21 px, retiré par recadrage vers raw/s2/voie-democratique.jpg, sujet complet;Risograph print editorial illustration, linocut style: (même sujet que v2) [style rouge clair, v3b, no flags]
105;s3/prologue;5c513daf-12da-477e-807b-b5a74c711ee1;aléatoire;rejetée;v1 : bandes noires, pas de camps distincts chez les artistes;Risograph print editorial illustration, linocut style: a small boxy robot painting on a canvas on a wooden easel in the center, on the left a group of artists with berets and paintbrushes raising angry fists at it, on the right another group of artists with berets applauding it. The canvas on the easel is a solid flat medium teal rectangle. [style sarcelle, v3b]
106;s3/ceci-n-est-pas-une-biere-intro-2;5ec8a0c3-8e2c-4e34-b7ae-2d015baf658a;aléatoire;retenue;v1 : cadres de bière en grille, portable, porte-parole qui accuse (les cadres ne volent pas);Risograph print editorial illustration, linocut style: dozens of small identical framed pictures of a glass of beer flying out of an open laptop screen like a flock of birds, toward a big brewery building with copper tanks on the right, where a stern spokesman in a suit stands on the steps pointing an accusing finger at them. Every flying beer glass is a solid flat medium teal shape. [style sarcelle, v3b, no logos]
107;s3/interdire-ia-art;f32bab44-d7f2-45b7-baff-a97affe27ebd;aléatoire;rejetée;v1 : c'est le robot qui tient le marteau du juge;Risograph print editorial illustration, linocut style: a small boxy robot holding a paintbrush standing in a courtroom dock, a big judge's wooden gavel coming down on the bench above it, on the left a group of graphic designers with pencils behind their ears cheering, on the right two brewers in aprons raising beer mugs. The robot is solid flat medium teal. [style sarcelle, v3b]
108;s3/creer-cca;d3165ffe-792f-4460-843d-8715e39c3784;aléatoire;retenue;v1 : table ronde en spot, artiste, brasseur, officiels, loupe (robot minuscule sur la table);Risograph print editorial illustration, linocut style: a big round table where an artist with a beret, a brewer in an apron, a small boxy robot and an official in a suit sit together and talk, a large magnifying glass on a stand above the table inspecting a small painting laid in the middle. The round table top is a solid flat medium teal disc. [style sarcelle, v3b]
109;s3/dedommager-brasseurs-2;7c0b1822-fce8-4c8f-9348-3b49afaa7d93;aléatoire;retenue;v1 : artiste moustachu, sac en spot, clinique au cœur, file d'attente;Risograph print editorial illustration, linocut style: a thin artist with a beret and a curled moustache handing a huge bulging sack of coins to a nurse at the door of a small old clinic building with a heart shape above the door, a few people waiting in line at the clinic, and far in the back a big government building with its doors shut. The sack of coins is solid flat medium teal. [style sarcelle, v3b]
110;s3/ceci-n-est-pas-une-biere-fin;3e224142-0cd2-4312-b363-998b0c05345f;aléatoire;retenue;v1 : labyrinthe en spot, politicien au plan, traces en boucle;Risograph print editorial illustration, linocut style: a big hedge maze seen from above at an angle, a tiny politician in a suit standing lost in the middle of it holding an unfolded paper plan and scratching his head, his dotted footprint trail looping around in circles behind him. The hedges of the maze are solid flat medium teal. [style sarcelle, v3b]
111;s3/integrer-dominique;b38ca2ed-f2d0-46e8-9e0c-b3c9a784fd12;aléatoire;retenue;v1 : robots qui entrent, infirmières qui sortent avec leurs cartons;Risograph print editorial illustration, linocut style: a row of small boxy robots with round glowing eyes rolling in through the front door of a hospital building, while from the side door nurses in uniforms walk out carrying cardboard boxes with their belongings. The robots are solid flat medium teal. [style sarcelle, v3b]
112;s3/integrer-dominique-3;a97e56b5-ac61-4b0d-8390-19b07fd0dea6;aléatoire;retenue;v1 : marches du tribunal, dossiers en spot, familles de dos, robot seul, ton sobre;Risograph print editorial illustration, linocut style: the wide stone steps of a courthouse with classical columns, a small group of people in dark coats standing close together at the foot of the steps, looking up, a tall stack of legal files tied with string on the steps, and a small boxy robot sitting alone on a bench at the side. The stack of legal files is solid flat medium teal. [style sarcelle, v3b, « quiet and sober mood » au lieu de « satirical »]
113;s3/interdire-ia-sante;ca54d0fe-4d88-4ad6-a30f-40fc7b0a4eff;aléatoire;rejetée;v1 : scanner noir sans spot, le bâton n'est pas dans les roues;Risograph print editorial illustration, linocut style: a doctor in a white coat pushing hard on a big medical scanner machine mounted on wheels, but a long wooden stick is jammed between the spokes of its wheels and blocks it, while a small factory chimney in the background puffs only a tiny cloud of smoke. The medical scanner is solid flat medium teal. [style sarcelle, v3b]
114;s3/interdire-ia-sante-2;88d90f3f-d205-43be-bec5-536a2447e0b7;aléatoire;retenue;v1 : chercheurs qui lèvent des boucliers-disques en spot (le politicien est au milieu);Risograph print editorial illustration, linocut style: a row of medical researchers in white coats standing shoulder to shoulder and holding up big round shields, a microscope on a lab table behind them, and in front of them a small politician in a suit taking a step back, embarrassed. The round shields are solid flat medium teal. [style sarcelle, v3b]
115;s3/recherche-ia-sante;2adda9e3-96c4-4b93-b798-b522180a11c1;aléatoire;rejetée;v1 : un des juristes a une tête de robot;Risograph print editorial illustration, linocut style: a friendly small household robot seen from behind, two lawyers in suits with big magnifying glasses opening a long drawer in its back, the drawer stuffed with patient files, and a hospital bed in the background. The drawer full of files is solid flat medium teal. [style sarcelle, v3b]
116;s3/recherche-ia-sante-2;e385ffd1-3ede-4fef-bd34-0a5940e7b6c9;aléatoire;retenue;v1 : robot à vélo, hôpital en spot, médecin qui salue (pas de câble);Risograph print editorial illustration, linocut style: a small simple boxy robot pedalling a bicycle on a stand, a thin cable running from the bicycle to a small hospital building whose windows are lit, a doctor and a nurse waving happily at the hospital door. The hospital building is solid flat medium teal. [style sarcelle, v3b]
117;s3/regarder-nos-souvenirs-intro-2;83b87912-56a5-43fb-a381-7301e6638821;aléatoire;retenue;v1 : trois experts à la loupe devant l'implant sur son coussin;Risograph print editorial illustration, linocut style: three stern old experts in suits sitting side by side behind a long table, each one holding a big magnifying glass and frowning at a small mechanical eye implant placed on a velvet cushion in front of them. The mechanical eye implant is solid flat medium teal. [style sarcelle, v3b]
118;s3/accueillir-neooculus-1;e7af4ac6-6eef-4b2e-8f5b-65275472b27a;aléatoire;retenue;v1 : œil géant, entonnoir, file de citoyens et leurs dossiers en spot;Risograph print editorial illustration, linocut style: a giant mechanical eye with camera lens rings sitting on a tall pedestal, a big funnel under it, a long queue of tiny citizens walking toward it and each one dropping a paper folder into the funnel, while a tiny politician in a suit steps over a small wooden barrier and waves them on. The paper folders are solid flat medium teal. [style sarcelle, v3b]
119;s3/enqueter-neooculus;8bfa387d-e4ac-4a22-a58c-761690001859;aléatoire;retenue;v1 : enquêteur qui porte l'œil, câble vers un cerveau en bocal sur une ville;Risograph print editorial illustration, linocut style: two investigators in trench coats and hats lifting the lid off a big mechanical eye like a box, and from inside it a long bundle of cables runs across the sea to a giant brain in a glass jar standing on top of a skyscraper in a far away city. The giant brain is solid flat medium teal. [style sarcelle, v3b, no flags]
120;s3/enqueter-neooculus-2;4ec6e5d3-131d-46ec-b2ce-6803505042d6;aléatoire;retenue;v1 : porte en spot fermée sur l'œil, brouette de pièces vers l'hôpital;Risograph print editorial illustration, linocut style: a tiny politician in a suit firmly pushing a big heavy door shut on a giant mechanical eye that peeks through the gap, while behind him a wheelbarrow full of coins rolls toward a small hospital building. The big door is solid flat medium teal. [style sarcelle, v3b]
121;s3/financer-transhumanisme;05a0bc91-d7c9-4b4e-bea0-029a7fa2a265;aléatoire;retenue;v1 : tête de profil reliée à un écran, cerveau en pixels;Risograph print editorial illustration, linocut style: a human head in profile on the left, a thick cable plugged into the back of the head runs to an old computer monitor on the right, and on the monitor screen an identical copy of a brain made of small square pixels. The pixel brain on the screen is solid flat medium teal. [style sarcelle, v3b]
122;s3/financer-transhumanisme-2;c1bed122-d462-418f-8c2f-3b2dd1118b19;aléatoire;rejetée;v1 : les deux groupes portent des implants;Risograph print editorial illustration, linocut style: a deep crack splitting the ground in two, on the left a group of people with mechanical eye implants and cables on their heads standing on a rising platform, on the right a group of ordinary people looking across the widening gap at them. The cables on their heads are solid flat medium teal. [style sarcelle, v3b]
123;s3/prologue;eddd3aa9-6726-4085-8e0b-dee3c211c83b;aléatoire;rejetée;v2 : le robot est peint dans le tableau, tout le monde applaudit;Risograph print editorial illustration, linocut style: a small boxy robot standing at a wooden easel in the middle and painting, on its left side three artists with berets shaking their fists at it, on its right side three artists with berets clapping their hands. The painting on the easel is a solid flat medium teal rectangle. [style sarcelle, v3b, « figures standing on nothing », no floor]
124;s3/interdire-ia-art;45c0ca86-6c4b-4f3d-b410-82c42aef95fe;aléatoire;rejetée;v2 : bandes noires, la sarcelle envahit le décor, robot minuscule;Risograph print editorial illustration, linocut style: a stern human judge in a black robe and white wig behind a tall bench bangs a wooden gavel, in front of the bench a small boxy robot artist holding a paintbrush hangs its head, on the left graphic designers with pencils behind their ears cheer, on the right two brewers in aprons raise beer mugs. The small robot is solid flat medium teal. [style sarcelle, v3b]
125;s3/interdire-ia-sante;1c863299-ed40-4e6c-94a7-922c0a3c1960;aléatoire;rejetée;v2 : le bâton traverse l'anneau du scanner et non la roue;Risograph print editorial illustration, linocut style: a doctor in a white coat pushing a hospital scanner on a wheeled cart, the scanner is a big ring-shaped machine with a patient bed, and a long wooden stick is poked right through the spokes of the cart's front wheel so the cart is stuck. The ring-shaped scanner is solid flat medium teal. [style sarcelle, v3b]
126;s3/interdire-ia-sante-2;ecb315da-b56a-4d75-9a52-cc95d1b5d7cb;aléatoire;rejetée;v2 : quatre disques sarcelle flottants sans objet;Risograph print editorial illustration, linocut style: on the right a row of cancer researchers in white lab coats raising medieval round wooden shields with a metal boss, a microscope on a lab bench behind them, and on the left in the foreground a small politician in a suit leaning back and raising his hands, uneasy. The round shields are solid flat medium teal. [style sarcelle, v3b]
127;s3/recherche-ia-sante;6e6914cb-5daf-4e52-b166-10b94fdedc7f;aléatoire;rejetée;v2 : les juristes sont assis dans le tiroir;Risograph print editorial illustration, linocut style: a friendly small household robot with a smiling face stands in a hospital room, a long drawer pulled open from its chest is stuffed with patient files, and two human lawyers in suits and ties bend over the drawer with big magnifying glasses, frowning. The drawer full of files is solid flat medium teal. [style sarcelle, v3b]
128;s3/financer-transhumanisme-2;db39e230-868e-4e4a-b3c4-21af3eede3ff;aléatoire;retenue;v2 : implantés sur une corniche, fissure, gens ordinaires plus bas;Risograph print editorial illustration, linocut style: a wide crack splits the ground in the middle, on the left side a group of people wearing mechanical eye implants and head cables stand on a high platform that rises up, on the right side a group of plain ordinary people in everyday clothes with bare heads stand lower down and look up at them across the gap. The head cables and eye implants are solid flat medium teal. [style sarcelle, v3b]
129;s3/prologue;f3b658c9-28d7-43f0-80c5-d96aeb934d03;aléatoire;retenue (recadrée);v3 : deux camps (bras croisés, pouces levés) autour du robot, cadre noir retiré par recadrage vers raw/s3/prologue.jpg;Risograph print editorial illustration, linocut style: a small boxy robot holding a paintbrush stands in the middle between two groups of artists with berets, the group on the left frowns with arms crossed, the group on the right smiles and gives thumbs up. The robot's paintbrush and palette are solid flat medium teal. [style sarcelle, v3b, « figures standing on nothing », no floor]
130;s3/interdire-ia-art;a1aef40f-0717-4147-96fe-44a65d2a05b3;aléatoire;retenue;v3 : marteau géant sur le robot, graphistes et brasseurs qui se réjouissent;Risograph print editorial illustration, linocut style: a giant wooden judge's gavel coming down from the top and snapping a small robot's paintbrush in two, the small boxy robot looking at the broken brush, on the left three graphic designers with pencils behind their ears cheering, on the right two brewers in aprons raising beer mugs. The small robot is solid flat medium teal. [style sarcelle, v3b, « figures standing on nothing », no floor]
131;s3/interdire-ia-sante;2d819741-9ee9-43b4-a563-8decc71893a0;aléatoire;retenue;v3 : politicien qui débranche le scanner, médecin qui proteste (le nuage en spot remplace la cheminée);Risograph print editorial illustration, linocut style: a politician in a suit pulling out the power plug of a big hospital scanner machine, while a doctor in a white coat standing next to the scanner throws up both arms in protest, and a tiny cloud of smoke above a small chimney in the far background. The hospital scanner is solid flat medium teal. [style sarcelle, v3b, « figures standing on nothing »]
132;s3/recherche-ia-sante;5acefa09-c7ad-487d-a6ec-dee8c5be46bd;aléatoire;retenue;v3 : armoire de dossiers en spot, juristes à la loupe (le robot est dans le lit);Risograph print editorial illustration, linocut style: a smiling small household robot next to a hospital bed quietly slipping a patient file behind its back into a huge overflowing filing cabinet, while two lawyers in suits peek out from behind a curtain with big magnifying glasses. The huge filing cabinet is solid flat medium teal. [style sarcelle, v3b]
133;s1/autre-projet;3f1ff0d3-e85d-4154-b954-3c6baaaae36f;aléatoire;retenue;lot diversité, essai d1 : calibrage 1 : quatre personnes nommées (tresses, barbe et canne, foulard, lunettes), peaux en gris lisibles en trame;Risograph print editorial illustration, linocut style: a black server cabinet standing on the grass in a town park, with leafy tree branches growing out of its top like a big tree crown, and four people sitting on two park benches in its shade: a Black woman with long braids reading a book to a small child, an old white man with a white beard and a cane feeding pigeons, a young North African woman in a headscarf typing on a laptop, a plump East Asian man with glasses eating a sandwich. Their skin tones are flat shades of grey ink, from pale to deep charcoal, each person a different shade. The leaves are printed in bright light blue. [style bleu clair, v3b]
134;s2/reseau-social-europeen;2ce7f5e4-c376-438a-a12b-d575ececb745;aléatoire;rejetée;lot diversité, essai d1 : calibrage 2 : « red-haired » a peint cheveux, bras et pieds de l'adolescente en rouge spot, briques grises;Risograph print editorial illustration, linocut style: a low brick garden wall with an open gate, a journalist, a tall Black woman with a short afro and a big magnifying glass, standing at the gate inspecting a speech bubble floating in, and behind the wall people relaxing on benches under trees and chatting calmly: an old white woman with a grey bun, a South Asian man with a turban, a young Arab man with a beard, a red-haired teenage girl with freckles, a man in a wheelchair. Their skin tones are flat shades of grey ink, from pale to deep charcoal, each person a different shade. The bricks and the speech bubbles are printed in bright light red. [style rouge clair, v3b]
135;s2/reseau-social-europeen;7ed033c5-de7e-4528-bee3-2632d40bf732;aléatoire;retenue;lot diversité, essai d2 : calibrage 3 : « drawn only in black ink and grey halftone » + « Only the bricks… » : briques rouges, visages en trame, journaliste noire;Risograph print editorial illustration, linocut style: a low garden wall made of red bricks with an open gate, a journalist, a tall Black woman with a short afro holding a big magnifying glass, standing at the gate inspecting a speech bubble floating in, and behind the wall people relaxing on benches under trees and chatting calmly: an old white woman with a grey bun, a South Asian man with a turban, a young Arab man with a beard, a teenage girl with long straight hair, a man in a wheelchair. The people are drawn only in black ink and grey halftone, their skin tones range from pale paper to deep charcoal grey, each person a different shade. Only the bricks and the speech bubble are printed in bright light red. [style rouge clair, v3b]
136;roles/syndicat;c43aecee-0c6c-41e5-b98d-321c46902269;aléatoire;rejetée;lot diversité, essai d1 : calibrage 4 : une silhouette est devenue un mannequin de couture sans tête, style hors série;Risograph print pictogram, linocut style: three simple pictogram figures with solid black bodies standing side by side in a line, each with a different silhouette: on the left a stocky figure with a round afro hairstyle, in the middle a woman wearing a headscarf raising a clenched fist high above her head, on the right a tall slim woman with a high bun and a knee-length skirt. Isolated figures centered on an empty plain background, full bodies visible, wide empty margins. [style pictogramme noir v3b, no facial features]
137;roles/syndicat;e7898702-acac-4ccd-8d2e-648d70ad9b15;aléatoire;retenue;lot diversité, essai d2 : calibrage 5 : afro, foulard poing levé, chignon et robe : trois silhouettes distinctes;Risograph print pictogram, linocut style: exactly three simple pictogram figures with round heads and solid black bodies standing side by side in a line. Left figure: a broad stocky man with a round afro hair shape. Middle figure: a woman in a headscarf, raising a clenched fist high above her head. Right figure: a slim woman with a round hair bun on top of her head, wearing a flared dress. Each figure has a clearly different silhouette. Isolated figures centered on an empty plain background, full bodies visible, wide empty margins. [style pictogramme noir v3b, no facial features]
138;accueil/hero;330f5282-2a97-4f1e-86ba-46a0cb12c641;aléatoire;retenue;lot diversité, essai d1 : calibrage 6 : dix mains de teintes variées (papier, trame moyenne, trame dense), cartes retournées , mains un peu figées;Risograph print editorial illustration, linocut style (rough linocut carving) flat top-down view looking straight down at a wooden classroom table: an open laptop with a blank screen in the center, beside it a paper sheet ruled into five columns with round tokens in each column, playing cards lying face down with a patterned back, and five pairs of hands reaching in from all edges of the table, one hand moving a token. The hands have clearly different skin tones: some pale and left as bare paper with black outlines, some medium grey halftone, some deep charcoal grey, with different sleeves, a bracelet, a wristwatch. Only hands and forearms, no heads, no faces. [style noir seul v3b, heavy visible grain, wood texture carved lines, no numbers, no card symbols, no logos]
139;s3/prologue;c6a1ba6c-5757-4f0c-befc-e38a15b57b5e;aléatoire;retenue;lot diversité, essai d1 : calibrage 7 : sept artistes variés (locs, barbe grise, carré, boucles, hijab, lunettes), seul le robot en sarcelle;Risograph print editorial illustration, linocut style: a small boxy robot holding a paintbrush stands in the middle between two groups of artists. The group on the left frowns with arms crossed: a Black woman with long locs under a beret, an old white man with a grey beard, a young East Asian woman with a bob haircut. The group on the right smiles and gives thumbs up: a North African man with curly hair, a woman in a hijab holding a paintbrush, a plump white woman with glasses, a South Asian teenage boy. [PEAUX] Only the robot is solid flat medium teal. [style sarcelle, v3b, « figures standing on nothing », no floor]
140;accueil/regles;fa84de58-3126-4cfa-9ee8-fd6c6cb6e18e;aléatoire;rejetée;lot diversité, essai d1 : cadre noir autour, cercles pleins, pion absent;Risograph print editorial illustration, linocut style: a vertical scale of seven empty circles stacked in a column like a gauge, one big solid black round game token sitting on one of the circles, and a hand with deep charcoal grey halftone skin and a thin bracelet at the wrist, one finger pushing the token up by one notch to the next circle. Isolated scene centered on an empty plain background, wide empty margins. [style noir seul v3b, no numbers]
141;roles/decideur;3b1f4481-1f06-43f5-a410-32383d9c64c4;aléatoire;retenue;lot diversité, essai d1 : femme de dos aux tresses, bras levés , pupitre à côté plutôt que devant;Risograph print pictogram, linocut style: a single woman silhouette seen from behind standing at a political lectern with a microphone, both arms raised, her long hair in many thin braids gathered into a high ponytail. Solid black body. Isolated figure centered on an empty plain background, full body visible, wide empty margins. [style pictogramme noir v3b, no facial features]
142;roles/citoyen;80b19f94-8862-48cc-89a5-e1fc78e85532;aléatoire;retenue;lot diversité, essai d1 : six bustes : afro, foulard, chignon, carré, crâne rasé, queue-de-cheval , pousse grise;Risograph print pictogram, linocut style: six simple pictogram busts with round heads and solid black bodies grouped in a pyramid shape: three at the bottom, two in the middle, one at the top, a small green sprout growing from the top one. Each bust has a clearly different hair silhouette: a round afro, a headscarf, a high bun, a short straight bob, a bald head, a long ponytail. Isolated group centered on an empty plain background, wide empty margins. [style pictogramme noir v3b, no facial features]
143;roles/data;c8ab5c7e-059f-456b-a938-8fc449033c9e;aléatoire;rejetée;lot diversité, essai d1 : les bases de données sont devenues des piles de pièces, pièce dans la roue malgré « no coins »;Risograph print pictogram, linocut style: a single simple pictogram figure with a round head, a round hair bun and a solid black body, sitting in a wheelchair between four database icons, each database icon a tall cylinder made of three stacked discs, the cylinders linked to each other and to the figure by thin cables. Isolated scene centered on an empty plain background, wide empty margins. [style pictogramme noir v3b, no facial features, no coins]
144;roles/lobbyiste;5e16a6f1-d705-4b76-b8b3-c638c47fc6d5;aléatoire;retenue;lot diversité, essai d1 : femme au carré en tailleur jupe, homme chauve, poignée de main et bulle;Risograph print pictogram, linocut style: two simple standing pictogram figures with round heads and solid black bodies facing each other in profile, their hands clasped together in a firm handshake above a small low table between them, one empty speech bubble floating above the handshake. Left figure: a woman with a short straight bob haircut wearing a knee-length skirt suit. Right figure: a broad bald man in trousers. Isolated scene centered on an empty plain background, full bodies visible, wide empty margins. [style pictogramme noir v3b, no facial features]
145;accueil/regles;674023cc-cfc8-49e9-ba25-182eb87b1dd6;aléatoire;retenue;lot diversité, essai d2 : main foncée en trame avec bracelet, cercles vides, pion poussé;Risograph print editorial illustration, linocut style: a vertical scale of seven empty outlined circles stacked in a single column like a thermometer gauge, one big solid black round game token sitting on the fourth circle, and on the right a hand with dark grey halftone skin and a thin bracelet at the wrist, its index finger pushing the token up to the next circle. Isolated scene centered on an empty plain background, wide empty margins. [style noir seul v3b, no numbers]
146;roles/data;20f90884-371f-46fe-a9d6-969c0a15b620;aléatoire;rejetée;lot diversité, essai d2 : fauteuil à peine lisible, chignon détaché de la tête, piles de pièces;Risograph print pictogram, linocut style: a simple pictogram figure with a round head topped by a round hair bun, solid black body, sitting in a wheelchair in the center, surrounded by four large database icons, each database icon a tall cylinder made of three stacked discs, as tall as the figure, the cylinders linked to each other and to the figure by thin cables. Isolated scene centered on an empty plain background, wide empty margins. [style pictogramme noir v3b, no facial features]
147;roles/data;68629078-70c5-4f83-a713-5e912bd367e6;aléatoire;retenue;lot diversité, essai d3 : femme cheveux longs, deux bases de données au lieu de quatre (pictogramme lisible);Risograph print pictogram, linocut style: a single simple pictogram figure of a woman with a round head, long straight hair falling to her shoulders and a solid black body in trousers, standing between four database icons, each database icon a tall cylinder made of three stacked discs, the cylinders linked to each other and to the figure by thin cables. Isolated scene centered on an empty plain background, wide empty margins. [style pictogramme noir v3b, no facial features, no coins]
148;s2/campagne;6d332fd8-0d13-4335-af63-a9d607fdf7c8;aléatoire;rejetée;lot diversité, essai d1 : cadre noir, candidate de profil, robots sans bulles;Risograph print editorial illustration, linocut style: the back of a woman candidate in a trouser suit with long braids tied in a low ponytail, standing at a microphone on a small stage, a giant plain megaphone beside her with no markings, and in front of the stage a crowd of small identical boxy robots all holding up identical empty speech bubbles. The candidate is drawn only in black ink and grey halftone, her arms deep charcoal grey. Only the speech bubbles are printed in bright light red. [style rouge clair, v3b, no logos, no symbols]
149;s3/ceci-n-est-pas-une-biere;94bca2f3-afa4-40d8-a36d-129eeea898e9;aléatoire;rejetée;lot diversité, essai d1 : remplacée par v2 : grosse flèche noire au lieu du curseur, une seule personne non blanche lisible;Risograph print editorial illustration, linocut style (surrealist pastiche) a glass of beer floating inside an ornate empty picture frame hanging on a plain wall, a giant computer mouse cursor arrow pointing at the beer, and below on the right three angry brewers in aprons raising pitchforks: a Black woman with a headwrap, a stocky bald white man with a big moustache, a young man with a turban. [PEAUX, brewers] Only the beer in the glass is solid flat medium teal. [style sarcelle, v3b]
150;s1/prologue;efb3039c-6074-49d6-b82c-cd375e119791;aléatoire;rejetée;lot diversité, essai d1 : tour pleine noire, bande de bruit bleu, femme en aplat noir sans traits;Risograph print editorial illustration, linocut style: a small Black woman politician in a trouser suit with short natural hair, standing alone in a vast empty field, holding a rolled-up blueprint under her arm, her face and hands deep charcoal grey halftone, and above her in the sky a huge dotted outline of a tall server tower building that does not exist yet, like a dream plan. Only the dotted outline is printed in bright light blue. [style bleu clair, v3b]
151;s2/campagne;d863ec1e-6919-4b5a-baf7-08d65a6409e9;aléatoire;rejetée;lot diversité, essai d2 : candidate de profil au visage papier , lisible mais remplacée par v3;Risograph print editorial illustration, linocut style: seen from behind, a woman candidate in a trouser suit with long braids down her back stands at a microphone stand on a small low stage, a giant plain megaphone on a tripod beside her with no markings, and in front of the stage a crowd of small identical boxy robots all holding up identical empty speech bubbles. The candidate is drawn only in black ink and grey halftone. Only the speech bubbles are printed in bright light red. [style rouge clair, v3b, « figures standing on nothing », no logos, no symbols]
152;s1/prologue;f4a9a769-37a8-43a4-b861-cc168500eb14;aléatoire;retenue;lot diversité, essai d2 : politicienne noire aux cheveux naturels, visage en trame dense avec traits , bulle de pensée avec pylône;Risograph print editorial illustration, linocut style: a small woman politician in a trouser suit standing alone in a vast empty grassy field, a Black woman with short natural hair and dark grey halftone skin, holding a rolled-up blueprint under her arm, and above her in the sky a huge dotted outline of a tall server tower building that does not exist yet, like a dream plan, coming out of a small thought bubble. Only the dotted outline is printed in bright light blue. [style bleu clair, v3b]
153;s2/campagne;f7d79f55-5ffd-46bb-8728-6fa3f2fd28ed;aléatoire;retenue;lot diversité, essai d3 : candidate noire aux tresses de profil au mégaphone, robots et bulles rouges;Risograph print editorial illustration, linocut style: a Black woman candidate with dark grey halftone skin and long braids, in a trouser suit, seen in profile on a small low stage, speaking into a giant plain megaphone on a tripod with no markings, and in front of the stage a crowd of small identical boxy robots all holding up identical empty speech bubbles. Only the speech bubbles are printed in bright light red. [style rouge clair, v3b, « figures standing on nothing », no logos, no symbols]
154;s1/partenaires-sud;ea0ae146-9cf9-4501-9c1e-13db1958e26d;aléatoire;rejetée;lot diversité, essai d1 : mineur·es en rang devant le podium, qui ne le portent pas;Risograph print editorial illustration, linocut style: a plain block podium with a big shiny trophy cup on top, the whole podium lifted on the shoulders of a row of small exhausted miners with helmets and headlamps, their knees bent under the weight, men and women of different origins: a woman with a long braid, an older man with a grey beard, a young woman wearing a headscarf under her helmet, a Black man, an East Asian woman. [PEAUX] Only the trophy cup is printed in bright light blue. [style bleu clair, v3b, no numbers]
155;s1/partenaires-locaux;c4a2caf1-dd8a-41cf-b6a6-c37ab9e3c430;aléatoire;retenue;lot diversité, essai d1 : excavatrice bleue, départ du village : foulard et canne, père et enfant, afro, vieil homme à la lampe;Risograph print editorial illustration, linocut style: a big plain unmarked mining excavator digging a deep pit right in the middle of a small village square, villagers walking away from their houses carrying suitcases, a chair and a lamp: an old woman in a headscarf leaning on a cane, a Black father carrying a small child on his shoulders, a young woman with an afro pulling a suitcase, an old white man carrying a lamp, and a tall stack of coins toppling over beside the pit. [PEAUX] Only the excavator is printed in bright light blue. [style bleu clair, v3b, no logos]
156;s1/location;f4ec5b06-9bd1-4e50-9243-430981273488;aléatoire;retenue;lot diversité, essai d1 : jeune femme bouclée à lunettes dans le fauteuil, main géante qui tient la prise, mer en spot;Risograph print editorial illustration, linocut style: on the left a small young woman with curly hair and round glasses sitting in an armchair using a laptop, her skin medium grey halftone, its very long power cable crosses a strip of sea and ends on the far right in a giant hand in a suit cuff that holds the plug between two fingers, ready to pull it out. The woman is drawn only in black ink and grey halftone. Only the power cable is printed in bright light blue. [style bleu clair, v3b]
157;s1/import-assemblage;1147d790-e976-4b0d-943e-ac7bf4ae070d;aléatoire;retenue (recadrée);lot diversité, essai d1 : cadre noir retiré (--d1c.jpg) : ouvrière en foulard et jeune homme noir à lunettes, puce en spot;Risograph print editorial illustration, linocut style: a small workbench where two workers in aprons carefully assemble a computer chip with tweezers: a woman in a headscarf and a young Black man with glasses, a wooden crate of raw rocks and ore beside them, and far away in the background a dark mountain mine with a plume of smoke. The workers are drawn only in black ink and grey halftone, their skin tones medium and deep charcoal grey. Only the computer chip is printed in bright light blue. [style bleu clair, v3b]
158;s1/data-centers-fin;f80ed366-e974-4ee3-a317-c353240d0f53;aléatoire;retenue;lot diversité, essai d1 : femme d'affaires au carré, empreintes bleues, arbre couché et maison;Risograph print editorial illustration, linocut style: a cheerful businesswoman in a trouser suit with a sleek bob haircut taking giant strides across a landscape with a small server cabinet under her arm, and behind her a trail of huge deep footprint-shaped holes dug into the ground, a fallen tree and a small cracked house along the trail. She is drawn only in black ink and grey halftone. Only the footprint holes are printed in bright light blue. [style bleu clair, v3b]
159;s1/partenaires-sud;74289910-46e9-4b90-b471-a21a8d36a03a;aléatoire;retenue;lot diversité, essai d2 : mineur·es varié·es (tresse, barbe, foulard, peaux foncées) qui portent le trophée , ont l'air de manifester plus que de ployer;Risograph print editorial illustration, linocut style: a heavy plain block podium with a big shiny trophy cup on top, the podium carried high on the shoulders of a row of small exhausted miners with helmets and headlamps, their arms raised to hold it up and their knees bent under the weight, men and women of different origins: a woman with a long braid, an older man with a grey beard, a young woman wearing a headscarf under her helmet, a Black man, an East Asian woman. [PEAUX] Only the trophy cup is printed in bright light blue. [style bleu clair, v3b, no numbers]
160;s1/consommation-intro-2;e5a86296-969c-4ded-a143-0df6febeb513;aléatoire;retenue (recadrée);lot diversité, essai d1 : cadre noir retiré (--d1c.jpg) : femme noire bouclée qui verse ses pièces dans l'entonnoir , plan plus serré, corps coupé en bas;Risograph print editorial illustration, linocut style: a small plump middle-aged Black woman with curly hair turning her wallet upside down, coins pouring into a big funnel, and the funnel feeds two long pipes that cross a strip of sea to a distant data center building on the right which releases big clouds of steam. She is drawn only in black ink and grey halftone, her skin deep charcoal grey. Only the coins are printed in bright light blue. [style bleu clair, v3b]
161;s1/grand-public;b1c781af-a42d-4f72-b044-6e08cda2633c;aléatoire;retenue;lot diversité, essai d1 : foule variée (foulards, afros, enfants, fauteuil) autour d'un serveur fumant, écrans bleus;Risograph print editorial illustration, linocut style: a big crowd of small people of every age and origin each holding up a glowing smartphone: women in headscarves, men and women with afros, children, old people with grey hair and canes, a person in a wheelchair, and all the phones are connected by thin wires to one giant server tower in the middle that is melting like a candle, dripping and steaming. [PEAUX] Only the phone screens are printed in bright light blue. [style bleu clair, v3b]
162;s1/entreprises;69f097a0-b5ba-4d73-9894-942cdd7abccf;aléatoire;retenue;lot diversité, essai d1 : femmes et hommes d'origines variées qui passent devant le globe, le dernier monte avec le serveur , escalier en spirale perdu;Risograph print editorial illustration, linocut style: a few small business people in suits climbing a staircase that spirals up around a big globe: a woman with a high ponytail in the lead, an East Asian man, an older Black woman with short grey hair, and the last one, a bearded man, carrying a small server cabinet on his back, a single thin wisp of smoke rising from the server. [PEAUX] Only the globe is printed in bright light blue. [style bleu clair, v3b]
163;s1/entreprises-2;c030f412-7071-45d6-93b2-b2dcfb2883b0;aléatoire;retenue;lot diversité, essai d1 : videuse au chignon, foule en colère très variée, corde et toile bleues;Risograph print editorial illustration, linocut style: a velvet rope barrier on two brass posts in front of a closed data center door guarded by a stern doorwoman in a suit with her hair in a tight bun, a crowd of angry citizens behind the rope raising their fists: a woman in a hijab, a Black man with locs, an old white woman with glasses, a young East Asian man, a woman with an afro, and in the foreground an abandoned painter's easel with a blank canvas and brushes dropped on the ground. [PEAUX] Only the velvet rope is printed in bright light blue. [style bleu clair, v3b, « figures standing on nothing »]
164;s1/services-publics;67d8ab49-6364-45b8-a8de-9958e2db2c24;aléatoire;rejetée;lot diversité, essai d1 : femme en foulard et vieille dame en aplat bleu : visages bleus;Risograph print editorial illustration, linocut style: a grumpy cat sitting on a closed unplugged laptop on the left, while the laptop's long power cable now runs to a small public town hall building with columns on the right, where a queue of citizens waits in front of the open door: a woman in a headscarf holding a child's hand, a Black man in a wheelchair, an old white woman with a cane, a young man with an afro. [PEAUX] Only the power cable is printed in bright light blue. [style bleu clair, v3b]
165;s1/services-publics;ecfd6570-e698-4da7-bf22-885090a46252;aléatoire;retenue;lot diversité, essai d2 : « All the people and their clothes… » + « the only thing printed in blue » : file variée, plus aucune peau bleue;Risograph print editorial illustration, linocut style: a grumpy black cat sitting on a closed unplugged laptop on the left, while the laptop's long power cable runs along the ground to a small public town hall building with columns on the right, where a queue of citizens waits in front of the open door: a woman in a headscarf holding a child's hand, a Black man in a wheelchair, an old white woman with a cane, a young man with an afro. All the people and their clothes are drawn only in black ink and grey halftone, [PEAUX-suite]. The power cable is the only thing printed in bright light blue. [style bleu clair, v3b]
166;s2/campagne-fin;9a8eeac1-4581-4e85-8e9e-89440e0deb7f;aléatoire;retenue;lot diversité, essai d1 : candidate noire aux boucles qui se ronge les ongles, enveloppes rouges;Risograph print editorial illustration, linocut style: a nervous woman candidate in a trouser suit with long braids, a Black woman with dark grey halftone skin, sitting alone on a chair in the center, biting her nails, while dozens of sealed envelopes rain down from the sky all around her. She is drawn only in black ink and grey halftone. Only the envelopes are printed in bright light red. [style rouge clair, v3b, no stamps]
167;s2/diplomatie;870d23b2-f18e-40aa-93e2-defee3e06ae7;aléatoire;retenue;lot diversité, essai d1 : diplomate âgée au chignon et lunettes, robot au cadeau;Risograph print editorial illustration, linocut style: a very long negotiation table, a lone diplomat waiting on one side next to a tall pile of empty coffee cups, an older South Asian woman with grey hair in a bun, glasses and a trouser suit, and on the far side a boxy messenger robot arriving through a door carrying a big gift box tied with a ribbon. The diplomat is drawn only in black ink and grey halftone, her skin medium grey. Only the ribbon is printed in bright light red. [style rouge clair, v3b]
168;s2/diplomatie-2;67da8743-083e-4464-8fe6-44e15eaf0f09;aléatoire;rejetée;lot diversité, essai d1 : cadre noir, avant-bras roses (peau en rouge spot);Risograph print editorial illustration, linocut style: a fruit tree whose trunk is made of two big forearms whose hands are clasped in a handshake at the base of the crown, one forearm with deep charcoal grey halftone skin, the other pale with bare paper skin, the branches bearing round ripe fruits, workers on ladders picking the fruits into baskets: a woman in a headscarf and an old man with a white beard. The people and forearms are drawn only in black ink and grey halftone. Only the round fruits are printed in bright light red. [style rouge clair, v3b]
169;s2/donnees-ouvertes;499bebe9-6082-4fd0-b536-0a4a6f033c09;aléatoire;retenue;lot diversité, essai d1 : fontaine, file très variée (foulard, fauteuil, tresses), investisseuse et investisseur;Risograph print editorial illustration, linocut style: a public drinking fountain in a town square spouting a stream of small glowing cubes, a queue of small citizens waiting their turn to fill their buckets with cubes: a Black woman with a headwrap, an old white man with a cane, a girl with two braids, a man in a wheelchair, a young East Asian woman, and among them a few investors in suits with briefcases: a woman with a sleek bob and a bald man. [PEAUX] Only the glowing cubes are printed in bright light red. [style rouge clair, v3b]
170;s2/limiter-ia;eb5025b6-4f6c-414d-9536-729133bc8709;aléatoire;retenue;lot diversité, essai d1 : politicienne à l'ancienne (chapeau, perles, sac), cage rouge;Risograph print editorial illustration, linocut style: on the left an old-fashioned stern lady politician standing, wearing a small hat, a pearl necklace and a skirt suit, with a handbag on her arm, turning a big key in a padlock, and on the right a tall bird cage with a small boxy robot sitting sadly inside it. She is drawn only in black ink and grey halftone. Only the bird cage is printed in bright light red. [style rouge clair, v3b]
171;s2/diplomatie-2;fcce0ae9-5281-4ebf-95a9-857c8d6ecf47;aléatoire;retenue;lot diversité, essai d2 : poignée de main main foncée / main claire en manches de costume, cueilleur·euses (foulard, barbe blanche);Risograph print editorial illustration, linocut style: a fruit tree whose trunk is made of two big forearms in dark suit sleeves, their bare hands clasped in a handshake at the base of the crown, one hand deep charcoal grey, the other hand pale bare paper, the branches bearing round ripe fruits, two workers on ladders picking the fruits into baskets: a woman in a headscarf and an old man with a white beard. The hands and the people are drawn only in black ink and grey halftone. Only the round fruits are printed in bright light red. [style rouge clair, v3b]
172;s2/negocier-gafam;e9744abf-6bcf-461a-b5cf-c31c39cd9784;aléatoire;retenue;lot diversité, essai d1 : petite fonctionnaire au carré qui serre la main géante, moissonneuse, blé rouge;Risograph print editorial illustration, linocut style: a tiny East Asian woman official in a trouser suit with a short bob, standing at the edge of a wheat field and shaking hands with an enormous hand in a dark suit cuff that comes down from the top right of the image, while behind her a combine harvester mows the field, and small round profile avatars grow among the wheat stalks. The woman and the giant hand are drawn only in black ink and grey halftone. Only the wheat field is printed in bright light red. [style rouge clair, v3b, no logos]
173;s2/negocier-gafam-2;3c050ff3-d796-4819-a4b2-8c52687660d1;aléatoire;retenue (recadrée);lot diversité, essai d1 : cadre noir retiré (--d1c.jpg) : fonctionnaire sikh sur le bureau-radeau, robots, bulles rouges;Risograph print editorial illustration, linocut style: a small official, a bearded South Asian man with a turban and glasses in a suit, standing on top of an office desk that floats like a raft on stormy waves, all around him a sea of jagged spiky speech bubbles, and boxy robots swimming in the waves blowing out more spiky bubbles. The official is drawn only in black ink and grey halftone, his skin medium grey. Only the spiky speech bubbles are printed in bright light red. [style rouge clair, v3b]
174;s2/reguler-ia;cb26cb3f-0c79-4369-9242-8954a1255c52;aléatoire;retenue;lot diversité, essai d1 : arbitre noire à la queue-de-cheval, carton rouge, robot penaud;Risograph print editorial illustration, linocut style: a female football referee, a Black woman with a high puff ponytail and dark grey halftone skin, in a striped shirt, blowing her whistle and raising a plain card high in her right hand, standing in front of a boxy robot player who looks down ashamed, a football at their feet. She is drawn only in black ink and grey halftone. Only the referee's card is printed in bright light red. [style rouge clair, v3b, no numbers]
175;s2/riposte-2;fccbf999-c22e-452f-9558-4896ea45c166;aléatoire;retenue;lot diversité, essai d1 : fonctionnaire âgé en fauteuil qui se gratte la tête, bornes mortes , l'origine nord-africaine ne se lit pas;Risograph print editorial illustration, linocut style: a row of public service kiosks and computer terminals all dead with dark blank screens and small sparks, their cables leading back to a big wooden crate stamped with a factory silhouette, and a small official in a wheelchair, an older North African man with a grey moustache in a suit, scratching his head in front of them. He is drawn only in black ink and grey halftone, his skin medium grey. Only the sparks are printed in bright light red. [style rouge clair, v3b]
176;s2/verite-alternative;b99e5135-2e91-4c71-b66c-8315021d5e62;aléatoire;retenue;lot diversité, essai d1 : robot qui souffle les bulles au mégaphone (plus de manivelle), foule variée;Risograph print editorial illustration, linocut style: two small boxy robots turning the crank of a big bubble-blowing machine, a huge swarm of soap bubbles floating up over a few rooftops, and a crowd of small people below all looking up at the bubbles, amazed: a woman in a headscarf, a Black man with a child on his shoulders, an old white woman with a cane, a teenage girl with an afro, an East Asian man with glasses. [PEAUX] Only the soap bubbles are printed in bright light red. [style rouge clair, v3b]
177;s3/accueillir-neooculus-1;d1fbbbd3-45fe-4d23-aff3-2d3d4bdab752;aléatoire;retenue (recadrée);lot diversité, essai d1 : cadre noir retiré (--d1c.jpg) : file variée (foulard, canne, fauteuil, bébé), politicienne aux cheveux gris;Risograph print editorial illustration, linocut style: a giant mechanical eye with camera lens rings sitting on a tall pedestal, a big funnel under it, a long queue of small citizens walking toward it and each one dropping a paper folder into the funnel: a woman in a headscarf, an old man with a cane, a Black teenage girl with braids, a man in a wheelchair, an East Asian woman with a baby, a bearded man, while a small politician, a woman with short grey hair in a suit, steps over a small wooden barrier and waves them on. [PEAUX] Only the paper folders are solid flat medium teal. [style sarcelle, v3b]
178;s3/ceci-n-est-pas-une-biere-fin;2af1ef62-bac7-41e6-b9c3-e86bdf3d6276;aléatoire;retenue;lot diversité, essai d1 : politicien noir perdu dans le labyrinthe , le labyrinthe descend jusqu'au bord bas;Risograph print editorial illustration, linocut style: a big hedge maze seen from above at an angle, a small politician, a young Black man in a suit with short twists, standing lost in the middle of it holding an unfolded paper plan and scratching his head, his dotted footprint trail looping around in circles behind him. He is drawn only in black ink and grey halftone, his skin deep charcoal grey. Only the hedges of the maze are solid flat medium teal. [style sarcelle, v3b]
179;s3/ceci-n-est-pas-une-biere-intro-2;f26a3109-1b8f-478a-824a-429244747027;aléatoire;retenue;lot diversité, essai d1 : porte-parole à l'afro qui accuse, verres de bière en vol (sans cadres);Risograph print editorial illustration, linocut style: dozens of small identical framed pictures of a glass of beer flying out of an open laptop screen like a flock of birds, toward a big brewery building with copper tanks on the right, where a stern spokeswoman in a suit, a tall woman with a short afro, stands on the steps pointing an accusing finger at them. She is drawn only in black ink and grey halftone, her skin dark grey. Every flying beer glass is a solid flat medium teal shape. [style sarcelle, v3b, no logos]
180;s3/creer-cca;d2663cd7-297c-4697-ad5c-27f9f998c3c4;aléatoire;retenue (recadrée);lot diversité, essai d1 : cadre noir retiré (--d1c.jpg) : artiste aux locs, brasseur âgé, officielle en hijab, personne bouclée , robot minuscule sur la table;Risograph print editorial illustration, linocut style: a big round table where four members sit together and talk: an artist with a beret, a Black woman with long locs, a brewer in an apron, an older white man with a moustache, a small boxy robot, and an official in a suit, a woman in a hijab. A large magnifying glass on a stand above the table inspects a small painting laid in the middle. [PEAUX] Only the round table top is a solid flat medium teal disc. [style sarcelle, v3b]
181;s3/dedommager-brasseurs-2;312aa6b9-ce01-49d8-a2c6-e94a347f845a;aléatoire;retenue (recadrée);lot diversité, essai d1 : cadre noir retiré (--d1c.jpg) : infirmier, femme enceinte noire, dame en foulard, enfant;Risograph print editorial illustration, linocut style: a thin artist with a beret and a curled moustache handing a huge bulging sack of coins to a male nurse, a young East Asian man in scrubs, at the door of a small old clinic building with a heart shape above the door, a few people waiting in line at the clinic: a pregnant Black woman, an old woman in a headscarf with a cane, a father with a toddler, and far in the back a big government building with its doors shut. [PEAUX] Only the sack of coins is solid flat medium teal. [style sarcelle, v3b]
182;s3/enqueter-neooculus;d278c460-bfab-4be4-99c9-a5315d04a021;aléatoire;retenue (recadrée);lot diversité, essai d1 : cadre noir retiré (--d1c.jpg) : enquêtrice noire et enquêteur âgé qui ouvrent l'œil , cerveau petit, pas en spot;Risograph print editorial illustration, linocut style: two investigators in trench coats lifting the lid off a big mechanical eye like a box: a Black woman with a short afro and an older white man in a hat, and from inside the eye a long bundle of cables runs across the sea to a giant brain in a glass jar standing on top of a skyscraper in a far away city. The investigators are drawn only in black ink and grey halftone, their skin tones deep charcoal grey and pale paper. Only the giant brain is solid flat medium teal. [style sarcelle, v3b, no flags]
183;s3/enqueter-neooculus-2;68113e53-0000-486d-9289-691f55c5e1c3;aléatoire;retenue;lot diversité, essai d1 : politicienne trapue qui ferme la porte sur l'œil, brouette vers l'hôpital;Risograph print editorial illustration, linocut style: a small politician, a stocky middle-aged woman with a bob haircut in a suit, firmly pushing a big heavy door shut on a giant mechanical eye that peeks through the gap, while behind her a wheelbarrow full of coins rolls toward a small hospital building. She is drawn only in black ink and grey halftone. Only the big door is solid flat medium teal. [style sarcelle, v3b, « figures standing on nothing », no dark background]
184;s3/financer-transhumanisme;008f2ffc-4b42-40f5-88e7-d63d09b1d225;aléatoire;rejetée;lot diversité, essai d1 : profil de jeune fille noire réussi, mais le câble branché à la tête a disparu;Risograph print editorial illustration, linocut style: the head and shoulders of a young Black woman with short locs in profile on the left, her skin dark grey halftone with her facial features clearly drawn, a thick cable plugged into the back of her head runs to an old computer monitor on the right, and on the monitor screen an identical copy of a brain made of small square pixels. She is drawn only in black ink and grey halftone. Only the pixel brain on the screen is solid flat medium teal. [style sarcelle, v3b, no dark background]
185;s3/financer-transhumanisme-2;0e33fab9-e2d9-4901-ac42-0cfcff28b45e;aléatoire;rejetée;lot diversité, essai d1 : jambes, bras et visage de la femme augmentée en sarcelle;Risograph print editorial illustration, linocut style: a wide crack splits the ground in the middle, on the left side a group of people wearing mechanical eye implants and head cables stand on a high platform that rises up: a rich white man in a suit, an East Asian woman in a designer dress, a bald Black man with a gold watch, on the right side a group of plain ordinary people in everyday clothes with bare heads stand lower down and look up at them across the gap: a woman in a headscarf, an old white woman, a young Black woman with braids, a boy in a hoodie, a man with a grey beard. [PEAUX] Only the head cables and eye implants are solid flat medium teal. [style sarcelle, v3b, no dark background]
186;s3/integrer-dominique;d60b5dfa-59d1-454d-a3e6-e6812e075235;aléatoire;retenue;lot diversité, essai d1 : robots qui entrent, infirmier noir, infirmière en hijab, infirmière âgée qui sortent;Risograph print editorial illustration, linocut style: a row of small boxy robots with round glowing eyes rolling in through the front door of a hospital building, while from the side door nurses in uniforms walk out carrying cardboard boxes with their belongings: a Black male nurse, a nurse in a hijab, an older white woman nurse with grey hair. The nurses are drawn only in black ink and grey halftone, their skin tones range from pale paper to deep charcoal grey. Only the robots are solid flat medium teal. [style sarcelle, v3b, « figures standing on nothing », no dark background]
187;s3/interdire-ia-art;b3621497-db08-4ae7-b626-869ed62454a4;aléatoire;retenue;lot diversité, essai d1 : graphistes (hijab, afro) et brasseurs (tresse, moustache) variés , marteau aussi en sarcelle;Risograph print editorial illustration, linocut style: a giant wooden judge's gavel coming down from the top and snapping a small robot's paintbrush in two, the small boxy robot looking at the broken brush, on the left three graphic designers with pencils behind their ears cheering: a woman in a hijab, a young East Asian man, a Black woman with an afro, on the right two brewers in aprons raising beer mugs: a stocky white woman with a braid and an older North African man with a moustache. [PEAUX] Only the small robot is solid flat medium teal. [style sarcelle, v3b, « figures standing on nothing », no floor]
188;s3/financer-transhumanisme-2;bd688253-75e5-4bd6-96c1-a0cfde1dd8bf;aléatoire;retenue;lot diversité, essai d2 : « Everyone's face, hands and legs… » : lunettes-implants seuls en sarcelle, deux groupes variés;Risograph print editorial illustration, linocut style: a wide crack splits the ground in the middle, on the left side a group of people wearing small mechanical eye implants and thin head cables stand on a high platform that rises up: a rich white man in a white suit, an East Asian woman in a black dress, a bald Black man in a sweater, on the right side a group of plain ordinary people in everyday clothes with bare heads stand lower down and look up at them across the gap: a woman in a headscarf, an old white woman, a young Black woman with braids, a boy in a hoodie. Everyone's face, hands and legs are drawn only in black ink and grey halftone, their skin tones range from pale paper to deep charcoal grey. Only the tiny eye implants and head cables are solid flat medium teal, nothing else. [style sarcelle, v3b, no dark background]
189;s3/interdire-ia-sante;bfd39833-2e5c-4abe-87cf-2b08a45da094;aléatoire;retenue;lot diversité, essai d1 : politicien qui pousse le scanner, médecins noires et médecin noir qui protestent;Risograph print editorial illustration, linocut style: a politician in a suit, a white man with grey hair, pulling out the power plug of a big hospital scanner machine, while a doctor in a white coat standing next to the scanner throws up both arms in protest, a Black woman doctor with her hair in a bun and a stethoscope, and a tiny cloud of smoke above a small chimney in the far background. The people are drawn only in black ink and grey halftone, the doctor's skin deep charcoal grey. Only the hospital scanner is solid flat medium teal. [style sarcelle, v3b, « figures standing on nothing », no dark background]
190;s3/interdire-ia-sante-2;527b946b-f208-4fee-be06-131a208563ec;aléatoire;retenue (recadrée);lot diversité, essai d1 : cadre noir retiré (--d1c.jpg) : chercheurs et chercheuses très varié·es, fauteuil, petit politicien;Risograph print editorial illustration, linocut style: a row of medical researchers in white coats standing shoulder to shoulder and holding up big round shields: a woman in a hijab, an older Black man with grey hair, a young East Asian woman with glasses, a white woman with curly hair, a South Asian man with a beard, a researcher in a wheelchair, a microscope on a lab table behind them, and in front of them a small politician in a suit taking a step back, embarrassed. [PEAUX] Only the round shields are solid flat medium teal. [style sarcelle, v3b, « figures standing on nothing », no dark background]
191;s3/recherche-ia-sante;a15f670f-0560-43f9-bc56-4f6ee1a1c994;aléatoire;retenue;lot diversité, essai d1 : juristes à la loupe (femme noire au chignon, homme âgé) , le robot est encore assis sur le lit;Risograph print editorial illustration, linocut style: a smiling small household robot standing next to a hospital bed, quietly slipping a patient file behind its back into a huge overflowing filing cabinet, while three lawyers in suits peek out from behind a curtain with big magnifying glasses: a Black woman with a high bun, an East Asian man, an older white woman with glasses. [PEAUX] Only the huge filing cabinet is solid flat medium teal. [style sarcelle, v3b, « figures standing on nothing », no dark background]
192;s3/recherche-ia-sante-2;c479f4f8-c2c0-40f0-9d9a-0b0554a66561;aléatoire;retenue;lot diversité, essai d1 : médecin en hijab et infirmier noir à la fenêtre, robot cycliste;Risograph print editorial illustration, linocut style: a small simple boxy robot pedalling a bicycle on a stand, a thin cable running from the bicycle to a small hospital building whose windows are lit, and in front of the hospital door a doctor and a nurse waving happily: a woman doctor in a hijab and a white coat, and a Black male nurse in scrubs. The people are drawn only in black ink and grey halftone, their skin medium and deep charcoal grey. Only the hospital building is solid flat medium teal. [style sarcelle, v3b, no dark background]
193;s3/regarder-nos-souvenirs-intro-2;6c14a3a6-958e-4faa-ab33-3f17892b0242;aléatoire;retenue;lot diversité, essai d1 : trois expert·es âgé·es : femme noire aux cheveux blancs, homme blanc, femme au chignon;Risograph print editorial illustration, linocut style: three stern old experts sitting side by side behind a long table, each one holding a big magnifying glass and frowning at a small mechanical eye implant placed on a velvet cushion in front of them: an old Black woman with short white hair and glasses, an old white man with bushy eyebrows, an old East Asian woman with a grey bun. The experts are drawn only in black ink and grey halftone, their skin tones range from pale paper to deep charcoal grey. Only the mechanical eye implant is solid flat medium teal. [style sarcelle, v3b, no dark background]
194;accueil/hero;8798e7f7-f79c-4c8b-abb7-327954168919;aléatoire;rejetée;lot diversité, essai d2 : laptop en aplat noir, main pâle « fantôme » au centre au geste ambigu, pseudo-symboles sur les cartes;Risograph print editorial illustration, linocut style (rough linocut carving) flat top-down view looking straight down at a wooden classroom table: an open laptop with a blank screen in the center, beside it a paper sheet ruled into five columns with round tokens in each column, a few playing cards lying face down with a patterned back, and five hands of five different players reaching in from the edges of the table: one dark brown hand in deep charcoal grey halftone moving a token up a column, one pale hand with a wristwatch holding a card, one medium grey halftone hand with a bracelet pointing at the laptop, one wrinkled old pale hand resting flat, one hand with a knitted sleeve in dark grey halftone. Only hands and forearms, no heads, no faces. [style noir seul v3b, heavy visible grain, no numbers, no card symbols, no logos]
195;s3/ceci-n-est-pas-une-biere;0c6175bb-6ca5-4580-8c72-75b4ca3fd21d;aléatoire;retenue;lot diversité, essai d2 : cadre, curseur-main, trois brasseurs : femme noire au foulard, homme chauve moustachu, homme au turban;Risograph print editorial illustration, linocut style (surrealist pastiche) a glass of beer floating inside an ornate empty picture frame hanging on a plain wall, a giant white computer mouse cursor arrow with a black outline pointing at the beer glass from the right, and on the floor below three small angry brewers in aprons shaking pitchforks at the frame: a Black woman with a headwrap, a bald white man with a big moustache, a South Asian man with a turban. [PEAUX, brewers] Only the beer in the glass is solid flat medium teal. [style sarcelle, v3b, no dark background]
196;s1/entreprises;a86e6a7c-a9d0-481b-b31a-61b39428f0b9;aléatoire;rejetée;lot diversité, essai d2 : cadre noir , après recadrage, le sens de la montée devient ambigu, v1 gardée;Risograph print editorial illustration, linocut style: a narrow spiral staircase winds up around a big globe, and a few small business people in suits climb the steps one behind the other toward the top of the globe: a woman with a high ponytail in the lead, an East Asian man, an older Black woman with short grey hair, and the last one, a bearded man, carrying a small server cabinet on his back, a single thin wisp of smoke rising from the server. [PEAUX] Only the globe is printed in bright light blue. [style bleu clair, v3b]
197;s3/financer-transhumanisme;de8b2030-c8d4-403b-b404-66c2ff7fe2d3;aléatoire;retenue;lot diversité, essai d2 : jeune fille noire aux locs de profil, câble de la tête à l'écran, cerveau pixel en sarcelle;Risograph print editorial illustration, linocut style: the head and shoulders of a young Black woman with short locs in profile on the left, her skin dark grey halftone with her facial features clearly drawn, a thick black cable plugged into the back of her head like a jack, the cable curving across to an old computer monitor on the right, and on the monitor screen an identical copy of a brain made of small square pixels. She is drawn only in black ink and grey halftone. Only the pixel brain on the screen is solid flat medium teal. [style sarcelle, v3b, no dark background]
198;s3/integrer-dominique-3;a4aa0267-5b36-466f-bc88-df5ea2ab27ba;aléatoire;retenue;lot diversité, essai d1 : marches du tribunal, groupe de trois quarts (fauteuil, chignon gris, foulard), robot seul , ton sobre, dossiers gris;Risograph print editorial illustration, linocut style: the wide stone steps of a courthouse with classical columns, a small group of people in dark coats standing close together at the foot of the steps, seen in three-quarter view, looking up: an older Black woman with grey hair in a bun, a young man in a wheelchair, a woman in a headscarf, a tall white man with a grey beard, a young East Asian woman, a tall stack of legal files tied with string on the steps, and a small boxy robot sitting alone on a bench at the side. [PEAUX] Only the stack of legal files is solid flat medium teal. [style sarcelle, v3b, « quiet and sober mood » au lieu de « satirical », no dark background]
199;s1/partenaires-sud;827d12d3-c8a0-4b0f-8a28-a7d334baea40;aléatoire;rejetée;lot diversité, essai d3 : visages de deux mineures en bleu clair;Risograph print editorial illustration, linocut style: a heavy plain stone block podium with a big shiny trophy cup on top, the block resting directly on the bent backs and shoulders of a row of small exhausted miners with helmets and headlamps who crouch beneath it, straining, knees bent, sweat drops on their faces: a woman with a long braid, an older man with a grey beard, a young woman wearing a headscarf under her helmet, a Black man, an East Asian woman. The miners are drawn only in black ink and grey halftone, [PEAUX-suite]. Only the trophy cup is printed in bright light blue. [style bleu clair, v3b, no numbers]
